proximityRef;timestamp;rssi;accuracy;proximity
0.5;18:00:25;-73;2.28282675787199;Near
0.5;18:00:26;-73;2.38877010597537;Near
0.5;18:00:27;-73;2.47374915432007;Near
0.5;18:00:28;-76;2.73073327883617;Near
0.5;18:00:29;-76;2.95825308974681;Near
0.5;18:00:30;-76;3.15468871085882;Far
0.5;18:00:31;-74;3.15635162830154;Far
0.5;18:00:32;-73;3.07295318490281;Far
0.5;18:00:33;-74;3.08885499857306;Far
0.5;18:00:34;-73;3.03435624529282;Far
0.5;18:00:35;-73;2.99479702266335;Far
0.5;18:00:36;-73;2.96497992000183;Far
0.5;18:00:37;-77;3.10056573273712;Far
0.5;18:00:38;-78;3.25125677179875;Far
0.5;18:00:39;-77;3.35727488716441;Far
0.5;18:00:40;-76;3.41785841623068;Far
0.5;18:00:41;-77;3.50545043671239;Far
0.5;18:00:42;-77;3.5850616293683;Far
0.5;18:00:43;-74;3.54370564320139;Far
0.5;18:00:44;-74;3.50797959809802;Far
0.5;18:00:45;-75;3.51487090094235;Far
0.5;18:00:46;-74;3.48377054059322;Far
0.5;18:00:47;-74;3.45620605737726;Far
0.5;18:00:48;-76;3.49763771702881;Far
0.5;18:00:49;-76;3.53616373645923;Far
0.5;18:00:50;-76;3.57200068464705;Far
0.5;18:00:51;-76;3.60536258097731;Far
0.5;18:00:52;-77;3.66500686817461;Far
0.5;18:00:53;-77;3.72142480771238;Far
0.5;18:00:54;-77;3.77476998804429;Far
0.5;18:00:55;-75;3.76140345692122;Far
0.5;18:00:56;-73;3.67103138527085;Far
0.5;18:00:57;-74;3.63040935387107;Far
0.5;18:00:58;-75;3.62785228176689;Far
0.5;18:00:59;-75;3.62548486554447;Far
0.5;18:01:00;-74;3.58937815618382;Far
0.5;18:01:01;-75;3.58968176131682;Far
0.5;18:01:02;-75;3.58996414731003;Far
0.5;18:01:03;-76;3.61986880994002;Far
0.5;18:01:04;-74;3.5845357902888;Far
0.5;18:01:05;-71;3.42964846638593;Far
0.5;18:01:06;-71;3.29665350038657;Far
0.5;18:01:07;-72;3.22030127592706;Far
0.5;18:01:08;-73;3.18584686257171;Far
0.5;18:01:09;-73;3.15423499208252;Far
0.5;18:01:10;-74;3.15479222514685;Far
0.5;18:01:11;-75;3.18193151501588;Far
0.5;18:01:12;-75;3.20768218360476;Far
0.5;18:01:13;-71;3.10125201550588;Far
0.5;18:01:14;-71;3.00811989486475;Far
0.5;18:01:15;-72;2.96016165936418;Far
0.5;18:01:16;-71;2.88322974180038;Far
0.5;18:01:17;-71;2.81481200854405;Near
0.5;18:01:18;-71;2.75369608531272;Near
0.5;18:01:19;-71;2.6988788619894;Near
0.5;18:01:20;-73;2.70486602214398;Near
0.5;18:01:21;-72;2.68401293463194;Near
0.5;18:01:22;-71;2.63563604540979;Near
0.5;18:01:23;-72;2.62057836321133;Near
0.5;18:01:24;-75;2.67541174200026;Near
1.0;18:03:39;-70;2.23761795810862;Near
1.0;18:03:40;-71;2.22758390922777;Near
1.0;18:03:41;-69;2.14778239317083;Near
1.0;18:03:42;-69;2.08409167863078;Near
1.0;18:03:43;-70;2.0630047036357;Near
1.0;18:03:44;-70;2.04492314450842;Near
1.0;18:03:45;-70;2.02926132348663;Near
1.0;18:03:46;-70;2.01557043715837;Near
1.0;18:03:47;-74;2.0875337118578;Near
1.0;18:03:48;-73;2.13761863337297;Near
1.0;18:03:49;-74;2.20370526476091;Near
1.0;18:03:50;-73;2.24637951734713;Near
1.0;18:03:51;-73;2.28610080615425;Near
1.0;18:03:52;-70;2.24492357404798;Far
1.0;18:03:53;-70;2.20897606199571;Far
1.0;18:03:54;-73;2.24970045535848;Far
1.0;18:03:55;-73;2.28792992566393;Near
1.0;18:03:56;-72;2.30099581838394;Near
1.0;18:03:57;-72;2.31299030796261;Near
1.0;18:03:58;-72;2.32400531264857;Near
1.0;18:03:59;-73;2.35711600422541;Near
1.0;18:04:00;-73;2.38809847918131;Near
1.0;18:04:01;-72;2.39307631643523;Near
1.0;18:04:02;-72;2.39763085763745;Near
1.0;18:04:03;-72;2.4018010577256;Near
1.0;18:04:04;-71;2.37902718008948;Near
1.0;18:04:05;-72;2.38465008253876;Near
1.0;18:04:06;-68;2.26710018427306;Near
1.0;18:04:07;-67;2.13312130500284;Near
1.0;18:04:08;-68;2.05511517209213;Near
1.0;18:04:09;-72;2.08336033887456;Near
1.0;18:04:10;-68;2.01170154437247;Near
1.0;18:04:11;-68;1.94980713924792;Near
1.0;18:04:12;-68;1.89597729646922;Near
1.0;18:04:13;-72;1.93408862310134;Near
1.0;18:04:14;-72;1.970477036701;Near
1.0;18:04:15;-69;1.93946206232348;Near
1.0;18:04:16;-73;1.99299575824894;Near
1.0;18:04:17;-70;1.98395889064613;Near
1.0;18:04:18;-68;1.92379996990969;Near
1.0;18:04:19;-68;1.87188583577668;Near
1.0;18:04:20;-68;1.82674789007981;Near
1.0;18:04:21;-68;1.78726276999896;Near
1.0;18:04:22;-67;1.72691427142605;Near
1.0;18:04:23;-67;1.67503227275481;Near
1.0;18:04:24;-68;1.6533683146571;Near
1.0;18:04:25;-70;1.67341628794878;Near
1.0;18:04:26;-67;1.6280163872611;Near
1.0;18:04:27;-67;1.58865140517663;Near
1.0;18:04:28;-70;1.61372581762657;Near
1.0;18:04:29;-68;1.59840305111365;Near
1.0;18:04:30;-68;1.58473214596825;Near
1.0;18:04:31;-69;1.5924964890937;Near
1.0;18:04:32;-68;1.57935868538861;Near
1.0;18:04:33;-68;1.56765313689233;Near
1.0;18:04:34;-70;1.59488424096304;Near
1.0;18:04:35;-69;1.6018279394647;Near
1.0;18:04:36;-71;1.64351243636206;Near
1.0;18:04:37;-76;1.74648922575019;Near
1.0;18:04:38;-76;1.85035256121111;Near
1.5;18:04:54;-73;2.28856361899222;Near
1.5;18:04:55;-76;2.54065629891978;Near
1.5;18:04:56;-76;2.7492887769322;Near
1.5;18:04:57;-75;2.86857078631799;Far
1.5;18:04:58;-75;2.96197699820716;Far
1.5;18:04:59;-76;3.08007780307762;Far
1.5;18:05:00;-76;3.17916884955465;Far
1.5;18:05:01;-76;3.26369237769104;Far
1.5;18:05:02;-76;3.33670075056181;Far
1.5;18:05:03;-75;3.36133131010842;Far
1.5;18:05:04;-74;3.34088923264802;Far
1.5;18:05:05;-74;3.32344587033929;Far
1.5;18:05:06;-75;3.34595279612265;Far
1.5;18:05:07;-75;3.36601724156467;Far
1.5;18:05:08;-75;3.38402038698635;Far
1.5;18:05:09;-75;3.40026673869836;Far
1.5;18:05:10;-74;3.37991150472312;Far
1.5;18:05:11;-74;3.36175040963878;Far
1.5;18:05:12;-75;3.3786063241239;Far
1.5;18:05:13;-71;3.23845824888312;Far
1.5;18:05:14;-71;3.12008179171205;Far
1.5;18:05:15;-77;3.19866753449537;Far
1.5;18:05:16;-77;3.27443068093945;Far
1.5;18:05:17;-77;3.34727931042423;Far
1.5;18:05:18;-76;3.39213225677461;Far
1.5;18:05:19;-77;3.45990754800705;Far
1.5;18:05:20;-76;3.4985239653203;Far
1.5;18:05:21;-75;3.50518509542835;Far
1.5;18:05:22;-75;3.51135153004422;Far
1.5;18:05:23;-76;3.5465553894527;Far
1.5;18:05:24;-76;3.57973525088012;Far
1.5;18:05:25;-76;3.61096844378681;Far
1.5;18:05:26;-77;3.66769256818284;Far
1.5;18:05:27;-77;3.72177696192901;Far
1.5;18:05:28;-77;3.77327252023245;Far
1.5;18:05:29;-78;3.84826991568369;Far
1.5;18:05:30;-72;3.70420042726663;Far
1.5;18:05:31;-72;3.57962111242341;Far
1.5;18:05:32;-72;3.47088379248723;Far
1.5;18:05:33;-72;3.37518878797966;Far
1.5;18:05:34;-70;3.20483115438334;Far
1.5;18:05:35;-69;3.01462225249546;Far
1.5;18:05:36;-71;2.93356871210864;Far
1.5;18:05:37;-70;2.82542850778389;Near
1.5;18:05:38;-70;2.73078183287646;Near
1.5;18:05:39;-71;2.67944674616289;Near
1.5;18:05:40;-70;2.60151812546984;Near
1.5;18:05:41;-70;2.53231661225657;Near
1.5;18:05:42;-70;2.47067230606899;Near
1.5;18:05:43;-70;2.41550920863409;Near
1.5;18:05:44;-71;2.39339406261021;Near
1.5;18:05:45;-70;2.34591882722374;Near
1.5;18:05:46;-70;2.30326265558651;Near
1.5;18:05:47;-70;2.26490516944614;Near
1.5;18:05:48;-71;2.25568935811703;Near
1.5;18:05:49;-78;2.36450990108217;Near
1.5;18:05:50;-78;2.47473044209498;Near
1.5;18:05:51;-79;2.59783978599028;Near
1.5;18:05:52;-79;2.72186055909989;Near
1.5;18:05:53;-78;2.83136252135866;Far
2.0;18:06:27;-79;2.94354868920247;Far
2.0;18:06:28;-82;3.21596618363108;Far
2.0;18:06:29;-80;3.42801413891068;Far
2.0;18:06:30;-79;3.59577751719325;Far
2.0;18:06:31;-79;3.74912669009806;Far
2.0;18:06:32;-81;3.94557335706349;Far
2.0;18:06:33;-75;3.91047300471554;Far
2.0;18:06:34;-75;3.88046067175373;Far
2.0;18:06:35;-81;4.05119970971404;Far
2.0;18:06:36;-78;4.12934082058829;Far
2.0;18:06:37;-77;4.16566937667962;Far
2.0;18:06:38;-80;4.29383887568159;Far
2.0;18:06:39;-72;4.06453619711606;Far
2.0;18:06:40;-67;3.51168327853435;Far
2.0;18:06:41;-66;3.04875932537958;Far
2.0;18:06:42;-76;3.10600197533252;Far
2.0;18:06:43;-68;2.8731015111603;Far
2.0;18:06:44;-68;2.68552328759836;Far
2.0;18:06:45;-66;2.44054016074676;Far
2.0;18:06:46;-66;2.24776276139498;Far
2.0;18:06:47;-66;2.09174259957266;Far
2.0;18:06:48;-66;1.96303734421373;Near
2.0;18:06:49;-66;1.85509393581505;Near
2.0;18:06:50;-67;1.79093914664181;Near
2.0;18:06:51;-67;1.73451031702115;Near
2.0;18:06:52;-66;1.65931661990551;Near
2.0;18:06:53;-66;1.59464993439048;Near
2.0;18:06:54;-66;1.53870782696717;Near
2.0;18:06:55;-66;1.49011277636979;Near
2.0;18:06:56;-67;1.46884932383951;Near
2.0;18:06:57;-67;1.44976382033653;Near
2.0;18:06:58;-67;1.43266095383667;Near
2.0;18:06:59;-67;1.41735734476345;Near
2.0;18:07:00;-67;1.40367754583767;Near
2.0;18:07:01;-67;1.39146047623804;Near
2.0;18:07:02;-66;1.36029640598165;Near
2.0;18:07:03;-66;1.33321917244513;Near
2.0;18:07:04;-67;1.3287549392287;Near
2.0;18:07:05;-67;1.32474835118269;Near
2.0;18:07:06;-66;1.30194783125972;Near
2.0;18:07:07;-74;1.38893755536148;Near
2.0;18:07:08;-71;1.44350819335784;Near
2.0;18:07:09;-77;1.55719215520005;Near
2.0;18:07:10;-78;1.68148218586342;Near
2.0;18:07:11;-78;1.80888243292738;Near
2.0;18:07:12;-78;1.93824042517163;Far
2.0;18:07:13;-78;2.06846731061876;Far
2.0;18:07:14;-79;2.20956064320692;Far
2.0;18:07:15;-78;2.33923670409351;Far
2.0;18:07:16;-78;2.46732307411942;Far
2.0;18:07:17;-78;2.59322430408031;Far
2.0;18:07:18;-78;2.71642139331016;Far
2.0;18:07:19;-66;2.42237531303903;Far
2.0;18:07:20;-73;2.44976470623428;Far
2.0;18:07:21;-79;2.5802534269045;Far
2.0;18:07:22;-80;2.7232182685764;Far
2.0;18:07:23;-78;2.83762460629212;Far
2.0;18:07:24;-78;2.94960572541293;Far
2.0;18:07:25;-79;3.07604189178249;Far
2.0;18:07:26;-79;3.20030267781852;Far
3.0;18:07:52;-73;3.16377668956844;Near
3.0;18:07:53;-72;2.99489265672433;Near
3.0;18:07:54;-71;2.77734559651428;Near
3.0;18:07:55;-72;2.70152789023878;Near
3.0;18:07:56;-72;2.64282446130593;Near
3.0;18:07:57;-74;2.74156769002323;Near
3.0;18:07:58;-76;2.93977928310718;Near
3.0;18:07:59;-84;3.40694327166383;Near
3.0;18:08:00;-85;3.87544759942896;Near
3.0;18:08:01;-85;4.31489165813247;Near
3.0;18:08:02;-84;4.69376106021178;Near
3.0;18:08:03;-84;5.04322065546733;Near
3.0;18:08:04;-85;5.39983937501124;Far
3.0;18:08:05;-85;5.73485896582995;Far
3.0;18:08:06;-85;6.05018072150358;Far
3.0;18:08:07;-86;6.38069118945267;Far
3.0;18:08:08;-85;6.66143591128123;Far
3.0;18:08:09;-84;6.88695216403836;Far
3.0;18:08:10;-85;7.13851893485117;Far
3.0;18:08:11;-86;7.41384705878583;Far
3.0;18:08:12;-86;7.67788305653271;Far
3.0;18:08:13;-86;7.93112698439918;Far
3.0;18:08:14;-84;8.08922525164949;Far
3.0;18:08:15;-84;8.23801589444064;Far
3.0;18:08:16;-78;7.96574892117273;Far
3.0;18:08:17;-69;6.5084255099121;Far
3.0;18:08:18;-70;5.69894305291121;Far
3.0;18:08:19;-68;4.88393077263385;Far
3.0;18:08:20;-68;4.30391855893053;Far
3.0;18:08:21;-69;3.94067687866629;Near
3.0;18:08:22;-68;3.58384278438624;Near
3.0;18:08:23;-68;3.29793461574891;Near
3.0;18:08:24;-67;3.01070917385661;Near
3.0;18:08:25;-67;2.77776805191047;Near
3.0;18:08:26;-67;2.58498541663941;Near
3.0;18:08:27;-68;2.45991713450914;Near
3.0;18:08:28;-68;2.35056892672704;Near
3.0;18:08:29;-69;2.28437618129504;Near
3.0;18:08:30;-69;2.2245810763861;Near
3.0;18:08:31;-69;2.1705147768106;Near
3.0;18:08:32;-70;2.14673856330705;Near
3.0;18:08:33;-69;2.09976280644474;Near
3.0;18:08:34;-70;2.08196145228763;Near
3.0;18:08:35;-70;2.06557491295644;Near
3.0;18:08:36;-71;2.07257557132504;Near
3.0;18:08:37;-71;2.07912213292906;Near
3.0;18:08:38;-71;2.08521536713166;Near
3.0;18:08:39;-73;2.13022121426979;Near
3.0;18:08:40;-72;2.15392716843241;Near
3.0;18:08:41;-71;2.15397018704915;Near
3.0;18:08:42;-68;2.07153575600375;Near
3.0;18:08:43;-68;2.00110278148693;Near
3.0;18:08:44;-69;1.96728119999028;Near
3.0;18:08:45;-69;1.93711057971245;Near
3.0;18:08:46;-70;1.9334188494353;Near
3.0;18:08:47;-71;1.95104079319154;Near
3.0;18:08:48;-70;1.94602047292633;Near
3.0;18:08:49;-70;1.94144847649894;Near
3.0;18:08:50;-76;2.03662682480643;Near
3.0;18:08:51;-74;2.10324154839311;Near
4.0;18:09:27;-71;4.17079374082676;Far
4.0;18:09:28;-72;3.91646555288028;Far
4.0;18:09:29;-73;3.78051119598432;Far
4.0;18:09:30;-73;3.66871647451797;Far
4.0;18:09:31;-73;3.57494217135529;Far
4.0;18:09:32;-76;3.61106911317504;Far
4.0;18:09:33;-75;3.60970973673096;Far
4.0;18:09:34;-74;3.57086734401542;Far
4.0;18:09:35;-75;3.5725917298264;Far
4.0;18:09:36;-75;3.57416400058723;Far
4.0;18:09:37;-77;3.63563661698171;Far
4.0;18:09:38;-75;3.6325656828962;Far
4.0;18:09:39;-74;3.59412032514673;Far
4.0;18:09:40;-77;3.65291337879048;Far
4.0;18:09:41;-77;3.70878614094855;Far
4.0;18:09:42;-77;3.76182143908502;Far
4.0;18:09:43;-77;3.81208264322244;Far
4.0;18:09:44;-78;3.88652872730731;Far
4.0;18:09:45;-77;3.93034464453044;Far
4.0;18:09:46;-78;3.99969419360643;Far
4.0;18:09:47;-79;4.09162098272625;Far
4.0;18:09:48;-75;4.05401339870295;Far
4.0;18:09:49;-73;3.93437391819732;Far
4.0;18:09:50;-72;3.78221134207404;Far
4.0;18:09:51;-73;3.69432186865241;Far
4.0;18:09:52;-74;3.65360334498579;Far
4.0;18:09:53;-74;3.61633275994225;Far
4.0;18:09:54;-77;3.6701995631356;Far
4.0;18:09:55;-76;3.69510261181589;Far
4.0;18:09:56;-75;3.68819216357536;Far
4.0;18:09:57;-74;3.64785393192893;Far
4.0;18:09:58;-74;3.61095687434123;Far
4.0;18:09:59;-72;3.50024664986919;Far
4.0;18:10:00;-72;3.40253641766711;Far
4.0;18:10:01;-73;3.35236545012295;Far
4.0;18:10:02;-73;3.3066657834408;Far
4.0;18:10:03;-75;3.32467839846791;Far
4.0;18:10:04;-73;3.28114735258352;Far
4.0;18:10:05;-74;3.27272727488441;Far
4.0;18:10:06;-74;3.26489133382078;Far
4.0;18:10:07;-74;3.257600665958;Far
4.0;18:10:08;-87;3.44969242301427;Far
4.0;18:10:09;-74;3.42815101131314;Far
4.0;18:10:10;-74;3.40835801448676;Far
4.0;18:10:11;-74;3.3901235800529;Far
4.0;18:10:12;-74;3.3733176728557;Far
4.0;18:10:13;-75;3.38769643481039;Far
4.0;18:10:14;-74;3.37106496616436;Far
4.0;18:10:15;-74;3.35572177385787;Far
4.0;18:10:16;-77;3.42141166979055;Far
4.0;18:10:17;-76;3.46030873759794;Far
4.0;18:10:18;-75;3.46922160986389;Far
4.0;18:10:19;-76;3.50569893452258;Far
4.0;18:10:20;-75;3.51163809738355;Far
4.0;18:10:21;-75;3.51717550935422;Far
4.0;18:10:22;-74;3.49023826000873;Far
4.0;18:10:23;-74;3.46554167915546;Far
4.0;18:10:24;-74;3.44286054498287;Far
4.0;18:10:25;-73;3.38762618129577;Far
5.0;18:10:40;-73;2.61896342065532;Near
5.0;18:10:41;-78;2.95309986272167;Near
5.0;18:10:42;-78;3.27168185384784;Near
5.0;18:10:43;-78;3.54381475735482;Far
5.0;18:10:44;-78;3.7671096783412;Far
5.0;18:10:45;-77;3.88450447793557;Far
5.0;18:10:46;-74;3.76186493139408;Far
5.0;18:10:47;-74;3.6724183003341;Far
5.0;18:10:48;-72;3.46860352890028;Far
5.0;18:10:49;-73;3.37764835219922;Far
5.0;18:10:50;-73;3.30510702833128;Far
5.0;18:10:51;-72;3.19614065620894;Far
5.0;18:10:52;-73;3.15241865516633;Far
5.0;18:10:53;-74;3.15330310095595;Far
5.0;18:10:54;-74;3.15408361885266;Far
5.0;18:10:55;-72;3.07879947938156;Far
5.0;18:10:56;-75;3.11587790376357;Far
5.0;18:10:57;-74;3.11960546080897;Far
5.0;18:10:58;-73;3.08963615033162;Far
5.0;18:10:59;-74;3.09525069681018;Far
5.0;18:11:00;-73;3.06836232349625;Far
5.0;18:11:01;-73;3.04420254854654;Far
5.0;18:11:02;-72;2.98846784127139;Far
5.0;18:11:03;-72;2.9390625947611;Far
5.0;18:11:04;-72;2.895014684159;Near
5.0;18:11:05;-73;2.88617835164617;Near
5.0;18:11:06;-73;2.8780716402642;Near
5.0;18:11:07;-72;2.84041835488887;Near
5.0;18:11:08;-72;2.80648010494528;Near
5.0;18:11:09;-72;2.77581794742111;Near
5.0;18:11:10;-72;2.74801681349769;Near
5.0;18:11:11;-71;2.69176225433753;Near
5.0;18:11:12;-71;2.64163237391268;Near
5.0;18:11:13;-72;2.62580908863279;Near
5.0;18:11:14;-72;2.61130098842297;Near
5.0;18:11:15;-72;2.59800580944393;Near
5.0;18:11:16;-72;2.58580310177564;Near
5.0;18:11:17;-72;2.57460755465192;Near
5.0;18:11:18;-72;2.5643369461608;Near
5.0;18:11:19;-71;2.52687281711887;Near
5.0;18:11:20;-71;2.493138201858;Near
5.0;18:11:21;-71;2.46271104892312;Near
5.0;18:11:22;-71;2.43520737241818;Near
5.0;18:11:23;-71;2.41030117678375;Near
5.0;18:11:24;-72;2.41329348452158;Near
5.0;18:11:25;-78;2.52272843641316;Near
5.0;18:11:26;-77;2.61829334023132;Near
5.0;18:11:27;-78;2.72775611412845;Near
5.0;18:11:28;-78;2.83634604301738;Near
5.0;18:11:29;-78;2.94352446383941;Far
5.0;18:11:30;-78;3.04873069450339;Far
5.0;18:11:31;-77;3.13183478573385;Far
5.0;18:11:32;-76;3.18875957496659;Far
5.0;18:11:33;-76;3.24269019924329;Far
5.0;18:11:34;-76;3.29368862033458;Far
5.0;18:11:35;-76;3.34185979849394;Far
5.0;18:11:36;-77;3.41236844382148;Far
5.0;18:11:37;-77;3.47978409480124;Far
5.0;18:11:38;-77;3.54409383215751;Far
5.0;18:11:39;-76;3.57811173445868;Far
6.0;18:12:09;-80;6.46627291428801;Far
6.0;18:12:10;-80;6.51552180361829;Far
6.0;18:12:11;-80;6.55464663491622;Far
6.0;18:12:12;-81;6.68271566427749;Far
6.0;18:12:13;-82;6.87083915086547;Far
6.0;18:12:14;-80;6.86475660492139;Far
6.0;18:12:15;-84;7.13744315422244;Far
6.0;18:12:16;-84;7.38471666057677;Far
6.0;18:12:17;-86;7.70871845328379;Far
6.0;18:12:18;-85;7.96534400234121;Far
6.0;18:12:19;-80;7.8643963880654;Far
6.0;18:12:20;-83;7.98798851832003;Far
6.0;18:12:21;-82;8.03945832740088;Far
6.0;18:12:22;-90;8.41737305314312;Far
6.0;18:12:23;-83;8.50415681875811;Far
6.0;18:12:24;-84;8.63982914821649;Far
6.0;18:12:25;-82;8.64931022142451;Far
6.0;18:12:26;-83;8.71860601351791;Far
6.0;18:12:27;-85;8.88424133062647;Far
6.0;18:12:28;-80;8.7354634429571;Far
6.0;18:12:29;-80;8.60234446219971;Far
6.0;18:12:30;-81;8.55125885285558;Far
6.0;18:12:31;-81;8.5042769304229;Far
6.0;18:12:32;-81;8.4609128632527;Far
6.0;18:12:33;-80;8.3570687745034;Far
6.0;18:12:34;-80;8.26200012333948;Far
6.0;18:12:35;-81;8.2342563837553;Far
6.0;18:12:36;-81;8.20833384332897;Far
6.0;18:12:37;-81;8.18405422144882;Far
6.0;18:12:38;-82;8.21215430334744;Far
6.0;18:12:39;-81;8.18802628687161;Far
6.0;18:12:40;-82;8.21557488426276;Far
6.0;18:12:41;-82;8.24180840006615;Far
6.0;18:12:42;-82;8.26679375893355;Far
6.0;18:12:43;-83;8.33538251712735;Far
6.0;18:12:44;-82;8.35618227974877;Far
6.0;18:12:45;-82;8.37600809189537;Far
6.0;18:12:46;-82;8.39490533540749;Far
6.0;18:12:47;-82;8.41292302238692;Far
6.0;18:12:48;-83;8.47537294822982;Far
6.0;18:12:49;-82;8.48982265781325;Far
6.0;18:12:50;-82;8.50360222294482;Far
6.0;18:12:51;-82;8.51674461492604;Far
6.0;18:12:52;-82;8.52928239579851;Far
6.0;18:12:53;-82;8.54124595760693;Far
6.0;18:12:54;-82;8.5526613439762;Far
6.0;18:12:55;-83;8.60925611921191;Far
6.0;18:12:56;-82;8.61768256828349;Far
6.0;18:12:57;-81;8.573888938353;Far
6.0;18:12:58;-81;8.53256954657667;Far
6.0;18:12:59;-81;8.49354691121382;Far
6.0;18:13:00;-81;8.45665976305101;Far
6.0;18:13:01;-81;8.42175551196572;Far
6.0;18:13:02;-83;8.48185730471754;Far
6.0;18:13:03;-80;8.38967363227757;Far
6.0;18:13:04;-79;8.24205958269429;Far
6.0;18:13:05;-82;8.26553432901743;Far
6.0;18:13:06;-78;8.06052447158224;Far
6.0;18:13:07;-78;7.87375134612361;Far
6.0;18:13:08;-78;7.70290158427592;Far
7.0;18:13:21;-76;5.70540975455034;Far
7.0;18:13:22;-76;5.40153768015827;Far
7.0;18:13:23;-75;5.04865994978558;Far
7.0;18:13:24;-77;4.99099767470925;Far
7.0;18:13:25;-76;4.85889693548501;Far
7.0;18:13:26;-76;4.75698888120219;Far
7.0;18:13:27;-76;4.67653115941981;Far
7.0;18:13:28;-76;4.6112457682067;Far
7.0;18:13:29;-77;4.61402275467321;Far
7.0;18:13:30;-77;4.61642071742131;Far
7.0;18:13:31;-77;4.61851516073338;Far
7.0;18:13:32;-77;4.62036140251318;Far
7.0;18:13:33;-78;4.66532702897899;Far
7.0;18:13:34;-78;4.70627878358499;Far
7.0;18:13:35;-77;4.70148114125264;Far
7.0;18:13:36;-77;4.69715255515364;Far
7.0;18:13:37;-77;4.69322450050877;Far
7.0;18:13:38;-77;4.6896458272402;Far
7.0;18:13:39;-77;4.68637307974941;Far
7.0;18:13:40;-77;4.68337043364423;Far
7.0;18:13:41;-78;4.71806240260573;Far
7.0;18:13:42;-77;4.71303007914628;Far
7.0;18:13:43;-78;4.74544398291804;Far
7.0;18:13:44;-78;4.77589040466501;Far
7.0;18:13:45;-77;4.76720805958907;Far
7.0;18:13:46;-77;4.7591670667502;Far
7.0;18:13:47;-77;4.75170035762946;Far
7.0;18:13:48;-77;4.74475954036434;Far
7.0;18:13:49;-76;4.69815227376477;Far
7.0;18:13:50;-75;4.61157707605122;Far
7.0;18:13:51;-73;4.4340366071609;Far
7.0;18:13:52;-74;4.32798124006811;Far
7.0;18:13:53;-74;4.23280715353492;Far
7.0;18:13:54;-75;4.18727049429659;Far
7.0;18:13:55;-74;4.10564912663321;Far
7.0;18:13:56;-74;4.03165154149986;Far
7.0;18:13:57;-74;3.96427869019766;Far
7.0;18:13:58;-75;3.93905052121702;Far
7.0;18:13:59;-75;3.91558349388891;Far
7.0;18:14:00;-76;3.92574749622377;Far
7.0;18:14:01;-76;3.93536043113738;Far
7.0;18:14:02;-77;3.9735220125374;Far
7.0;18:14:03;-77;4.0100299872049;Far
7.0;18:14:04;-78;4.07185485179737;Far
7.0;18:14:05;-76;4.07263734653782;Far
7.0;18:14:06;-76;4.0733706614755;Far
7.0;18:14:07;-77;4.10521323259192;Far
7.0;18:14:08;-78;4.16369169321901;Far
7.0;18:14:09;-78;4.21994942648155;Far
7.0;18:14:10;-79;4.30037480632208;Far
7.0;18:14:11;-78;4.35102178213049;Far
7.0;18:14:12;-77;4.36819583963834;Far
7.0;18:14:13;-78;4.41574180597767;Far
7.0;18:14:14;-78;4.46111563972531;Far
7.0;18:14:15;-78;4.50436608540413;Far
7.0;18:14:16;-77;4.51263969892585;Far
7.0;18:14:17;-78;4.55331420673569;Far
7.0;18:14:18;-78;4.59202660579648;Far
7.0;18:14:19;-78;4.62883199626773;Far
7.0;18:14:20;-80;4.72147003277815;Far
8.0;18:14:58;-90;10.0285583552623;Far
8.0;18:14:59;-88;10.6928047433068;Far
8.0;18:15:00;-88;11.3312409014088;Far
8.0;18:15:01;-88;11.9377709956449;Far
8.0;18:15:02;-88;12.509992552931;Far
8.0;18:15:03;-89;13.1785923101165;Far
8.0;18:15:06;-87;13.5026207898876;Far
8.0;18:15:07;-87;13.8053876590592;Far
8.0;18:15:08;-86;13.8914798158838;Far
8.0;18:15:09;-86;13.962885462334;Far
8.0;18:15:10;-87;14.1664048247981;Far
8.0;18:15:11;-90;14.6738715085833;Far
8.0;18:15:12;-91;15.2269734085216;Far
8.0;18:15:13;-88;15.4469305546137;Far
8.0;18:15:14;-88;15.6452573761914;Far
8.0;18:15:15;-88;15.8251310557036;Far
8.0;18:15:16;-87;15.8756803555129;Far
8.0;18:15:17;-88;16.0304892872302;Far
8.0;18:15:18;-88;16.1729317107534;Far
8.0;18:15:19;-88;16.3044742188317;Far
8.0;18:15:20;-88;16.4263837252204;Far
8.0;18:15:21;-88;16.5397204542545;Far
8.0;18:15:22;-88;16.6453881201394;Far
8.0;18:15:23;-89;16.8305116385032;Far
8.0;18:15:24;-92;17.2095514866547;Far
8.0;18:15:25;-93;17.6312176202415;Far
8.0;18:15:27;-92;17.9876561059761;Far
8.0;18:15:28;-92;18.3550419934152;Far
8.0;18:15:29;-88;18.3859962384733;Far
8.0;18:15:30;-87;18.276099427992;Far
8.0;18:15:31;-90;18.5775583840906;Far
8.0;18:15:32;-91;19.0098617822395;Far
8.0;18:15:33;-88;19.0060723698461;Far
8.0;18:15:34;-88;19.0024036660662;Far
8.0;18:15:35;-87;18.8069105925243;Far
8.0;18:15:36;-88;18.8177315744227;Far
8.0;18:15:37;-88;18.8273495787402;Far
8.0;18:15:38;-87;18.6689187678842;Far
8.0;18:15:39;-86;18.3559798205303;Far
8.0;18:15:40;-86;18.0847873986684;Far
8.0;18:15:41;-86;17.8473279062261;Far
8.0;18:15:42;-89;18.017673272636;Far
8.0;18:15:43;-88;18.0652058969434;Far
8.0;18:15:44;-89;18.2160684131995;Far
8.0;18:15:45;-89;18.3568790186264;Far
8.0;18:15:46;-92;18.7354113372683;Far
8.0;18:15:47;-93;19.1647917244519;Far
8.0;18:15:48;-94;19.6395526556819;Far
8.0;18:15:49;-94;20.1026576390617;Far
8.0;18:15:52;-92;21.5357054465131;Far
8.0;18:15:53;-95;22.0126530911964;Far
8.0;18:15:55;-96;22.5323995086223;Far
8.0;18:15:56;-92;22.8007556417107;Far
8.0;18:15:57;-89;22.7476396338887;Far
8.0;18:15:58;-89;22.6979318597133;Far
8.0;18:15:59;-88;22.5270530224777;Far
8.0;18:16:00;-92;22.7742754526895;Far
8.0;18:16:01;-93;23.0878821957003;Far
8.0;18:16:02;-94;23.4596637249691;Far
8.0;18:16:03;-95;23.8833724031476;Far
9.0;18:16:51;-86;9.14170657956921;Far
9.0;18:16:52;-90;9.92157002572559;Far
9.0;18:16:53;-82;9.7762393023828;Far
9.0;18:16:54;-81;9.50761691812479;Far
9.0;18:16:55;-81;9.27110941139778;Far
9.0;18:16:56;-81;9.06425019301606;Far
9.0;18:16:57;-81;8.88390306512042;Far
9.0;18:16:58;-83;9.00628296142526;Far
9.0;18:16:59;-80;8.66130032561784;Far
9.0;18:17:00;-81;8.53391006807236;Far
9.0;18:17:01;-80;8.27988532571435;Far
9.0;18:17:02;-80;8.08082794156696;Far
9.0;18:17:03;-95;8.86069499103137;Far
9.0;18:17:07;-88;11.6384434835739;Far
9.0;18:17:08;-95;12.3316464289816;Far
9.0;18:17:10;-95;13.7062597836078;Far
9.0;18:17:11;-93;14.2742682478712;Far
9.0;18:17:12;-88;14.4945583620805;Far
9.0;18:17:13;-85;14.3907046470568;Far
9.0;18:17:14;-85;14.2979106287176;Far
9.0;18:17:15;-84;14.0982846825749;Far
9.0;18:17:16;-85;14.0300321824225;Far
9.0;18:17:17;-85;13.9678785748382;Far
9.0;18:17:18;-85;13.9110132610435;Far
9.0;18:17:19;-86;13.9466572503896;Far
9.0;18:17:20;-86;13.9799276161539;Far
9.0;18:17:21;-87;14.0864977063969;Far
9.0;18:17:22;-85;14.028273024806;Far
9.0;18:17:23;-85;13.9741976323975;Far
9.0;18:17:24;-85;13.9238309969588;Far
9.0;18:17:25;-84;13.7890186432261;Far
9.0;18:17:26;-85;13.7492441433658;Far
9.0;18:17:27;-86;13.7860421643985;Far
9.0;18:17:28;-87;13.8864096019518;Far
9.0;18:17:29;-86;13.9172890341861;Far
9.0;18:17:30;-86;13.946688958881;Far
9.0;18:17:31;-85;13.9020334179852;Far
9.0;18:17:32;-84;13.7794389057674;Far
9.0;18:17:33;-84;13.6647712358946;Far
9.0;18:17:34;-84;13.5572715821198;Far
9.0;18:17:35;-90;13.7967578983988;Far
9.0;18:17:36;-86;13.8288153067115;Far
9.0;18:17:37;-96;14.231494749835;Far
9.0;18:17:38;-94;14.5934594165001;Far
9.0;18:17:39;-94;14.9566815348801;Far
9.0;18:17:41;-89;15.5725583801875;Far
9.0;18:17:42;-89;15.7335027294477;Far
9.0;18:17:43;-87;15.7662955681722;Far
9.0;18:17:44;-83;15.4425003268293;Far
9.0;18:17:45;-82;15.0323310721015;Far
9.0;18:17:46;-82;14.6588913899399;Far
9.0;18:17:47;-82;14.3173138051377;Far
9.0;18:17:48;-82;14.003605227141;Far
9.0;18:17:49;-83;13.8065692635673;Far
9.0;18:17:50;-83;13.6219219897031;Far
9.0;18:17:51;-83;13.4486032778742;Far
9.0;18:17:52;-83;13.2856298252146;Far
9.0;18:17:53;-82;13.0489645734743;Far
10.0;18:18:50;-85;8.3578961862161;Far
10.0;18:18:51;-81;8.26795593686461;Far
10.0;18:18:52;-81;8.192091816743;Far
10.0;18:18:53;-82;8.26981062378077;Far
10.0;18:18:54;-83;8.46920416577145;Far
10.0;18:18:55;-85;8.88366649739011;Far
10.0;18:18:56;-85;9.25493978935434;Far
10.0;18:18:57;-85;9.57885208550995;Far
10.0;18:18:58;-81;9.33568186979851;Far
10.0;18:59;-82;9.27854581103016;Far
10.0;18:19:00;-83;9.3414189780232;Far
10.0;18:19:01;-87;9.7128582465074;Far
10.0;18:19:02;-82;9.63137160803566;Far
10.0;18:19:03;-82;9.56183762951159;Far
10.0;18:19:04;-84;9.6738324281996;Far
10.0;18:19:05;-83;9.6958388385826;Far
10.0;18:19:06;-83;9.71963451428479;Far
10.0;18:19:07;-83;9.74415166660879;Far
10.0;18:19:08;-82;9.64359443841849;Far
10.0;18:19:09;-83;9.67928186293204;Far
10.0;18:19:10;-83;9.71125517955169;Far
10.0;18:19:11;-82;9.61310203544684;Far
10.0;18:19:12;-81;9.37633734015365;Far
10.0;18:19:13;-80;9.00500812203594;Far
10.0;18:19:14;-82;8.98100207844881;Far
10.0;18:19:15;-83;9.09036910477509;Far
10.0;18:19:16;-83;9.19124747384841;Far
10.0;18:19:17;-84;9.4012528081078;Far
10.0;18:19:18;-83;9.46359418641612;Far
10.0;18:19:19;-82;9.39094454571233;Far
10.0;18:19:20;-81;9.20477174657399;Far
10.0;18:19:21;-83;9.26989794641315;Far
10.0;18:19:22;-83;9.32625426828;Far
10.0;18:19:23;-83;9.37554063860456;Far
10.0;18:19:24;-82;9.33032308634823;Far
10.0;18:19:25;-82;9.29077881013645;Far
10.0;18:19:26;-82;9.25587132660594;Far
10.0;18:19:27;-82;9.22480188673781;Far
10.0;18:19:28;-82;9.19695354173258;Far
10.0;18:19:29;-82;9.17183124167287;Far
10.0;18:19:30;-83;9.21673263475606;Far
10.0;18:19:31;-83;9.25825440269119;Far
10.0;18:19:32;-84;9.35509124815698;Far
10.0;18:19:33;-83;9.38813019762098;Far
10.0;18:19:34;-82;9.35468938161972;Far
10.0;18:19:35;-81;9.25374428435288;Far
10.0;18:19:36;-81;9.16169100946106;Far
10.0;18:19:37;-81;9.07735285664372;Far
10.0;18:19:38;-82;9.06303605844894;Far
10.0;18:19:39;-81;8.98738111124055;Far
10.0;18:19:40;-81;8.89531769280668;Far
10.0;18:19:41;-81;8.7938090179337;Far
10.0;18:19:42;-80;8.57248141163445;Far
10.0;18:19:43;-78;8.07547295258369;Far
10.0;18:19:44;-78;7.66695666466936;Far
10.0;18:19:45;-79;7.4627258493039;Far
10.0;18:19:46;-79;7.29540552111323;Far
10.0;18:19:47;-78;7.05662466721431;Far
10.0;18:19:48;-78;6.86359591913255;Far
10.0;18:19:49;-79;6.78588469544292;Far
15.0;18:20:21;-81;6.35644482189944;Far
15.0;18:20:22;-79;6.29707089368009;Far
15.0;18:20:23;-78;6.11309686062041;Far
15.0;18:20:24;-79;6.09439861825008;Far
15.0;18:20:25;-80;6.1960654565674;Far
15.0;18:20:26;-78;6.03258716081877;Far
15.0;18:20:27;-77;5.77747235400445;Far
15.0;18:20:28;-78;5.70316012321698;Far
15.0;18:20:29;-79;5.73821975629804;Far
15.0;18:20:30;-79;5.76655697490315;Far
15.0;18:20:31;-75;5.42104236206799;Far
15.0;18:20:32;-72;4.84458207327661;Far
15.0;18:20:33;-72;4.44354754019625;Far
15.0;18:20:34;-73;4.22240020473288;Far
15.0;18:20:35;-73;4.04618312444401;Far
15.0;18:20:36;-72;3.8423906465375;Far
15.0;18:20:37;-73;3.73005811131042;Far
15.0;18:20:38;-73;3.63441250808793;Far
15.0;18:20:39;-72;3.50558890964863;Far
15.0;18:20:40;-72;3.39589250551996;Far
15.0;18:20:41;-73;3.34138507319346;Far
15.0;18:20:42;-73;3.29280203041191;Far
15.0;18:20:43;-73;3.24929011098145;Far
15.0;18:20:44;-74;3.24280457782951;Far
15.0;18:20:45;-74;3.23683411137442;Far
15.0;18:20:46;-77;3.30918167332535;Far
15.0;18:20:47;-76;3.35499082961124;Far
15.0;18:20:48;-78;3.44481214632915;Far
15.0;18:20:49;-78;3.53207925840635;Far
15.0;18:20:50;-77;3.59289692514766;Far
15.0;18:20:51;-78;3.67535807307703;Far
15.0;18:20:52;-75;3.66954031591283;Far
15.0;18:20:53;-75;3.66418065765915;Far
15.0;18:20:54;-74;3.62444160058976;Far
15.0;18:20:55;-77;3.67994773405786;Far
15.0;18:20:56;-76;3.70508981532668;Far
15.0;18:20:57;-76;3.7287245562155;Far
15.0;18:20:58;-77;3.77927689250946;Far
15.0;18:20:59;-79;3.87625144751235;Far
15.0;18:21:00;-78;3.94675047308893;Far
15.0;18:21:01;-78;4.01451714648378;Far
15.0;18:21:02;-78;4.07943978611804;Far
15.0;18:21:03;-78;4.14157772690425;Far
15.0;18:21:04;-78;4.20096284830771;Far
15.0;18:21:05;-78;4.25763098634416;Far
15.0;18:21:06;-77;4.28063961641088;Far
15.0;18:21:07;-78;4.33341296114785;Far
15.0;18:21:08;-77;4.351974252579;Far
15.0;18:21:09;-77;4.36939381525874;Far
15.0;18:21:10;-79;4.44604161009791;Far
15.0;18:21:11;-78;4.49067512266771;Far
15.0;18:21:12;-78;4.53308329691245;Far
15.0;18:21:13;-77;4.53972726503058;Far
15.0;18:21:14;-77;4.54594064899877;Far
15.0;18:21:15;-78;4.58527057611874;Far
15.0;18:21:16;-78;4.62262743621048;Far
15.0;18:21:17;-78;4.65808688174784;Far
15.0;18:21:18;-78;4.69172416809702;Far
15.0;18:21:19;-79;4.75484024163216;Far
15.0;18:21:20;-80;4.84378318054088;Far
20.0;17:54:43;-62;0.64970206137957;Near
20.0;17:54:44;-62;0.65441363024348;Near
20.0;17:54:45;-62;0.658409322915714;Near
20.0;17:54:46;-62;0.661810097347077;Near
20.0;17:54:47;-62;0.664701841630415;Near
20.0;17:54:48;-59;0.623877931767382;Near
20.0;17:54:49;-59;0.592860249910705;Near
20.0;17:54:50;-62;0.604928351767114;Near
20.0;17:54:51;-62;0.615590286335519;Near
20.0;17:54:52;-62;0.624899761409723;Near
20.0;17:54:53;-62;0.632994543430601;Near
20.0;17:54:54;-59;0.599400837197307;Near
20.0;17:54:55;-59;0.573513258061342;Near
20.0;17:54:56;-62;0.588050762078689;Near
20.0;17:54:57;-62;0.600960567835399;Near
20.0;17:54:58;-62;0.612287777917849;Near
20.0;17:54:59;-62;0.622146603487488;Near
20.0;17:55:00;-62;0.630677075034255;Near
20.0;17:55:01;-62;0.638029288569612;Near
20.0;17:55:02;-62;0.644338414252918;Near
20.0;17:55:03;-62;0.649749669456981;Near
20.0;17:55:04;-62;0.654380803167967;Near
20.0;17:55:05;-61;0.645372123951902;Near
20.0;17:55:06;-62;0.650592788730365;Near
20.0;17:55:07;-57;0.579328917397542;Near
20.0;17:55:08;-57;0.529404578497492;Near
20.0;17:55:09;-57;0.49266252982527;Near
20.0;17:55:10;-56;0.451849712084341;Near
20.0;17:55:11;-57;0.433247675298745;Near
20.0;17:55:12;-57;0.418472723031172;Near
20.0;17:55:13;-57;0.406694127115281;Near
20.0;17:55:14;-56;0.38683289622035;Near
20.0;17:55:15;-56;0.371608585398095;Near
20.0;17:55:16;-56;0.359782651508431;Near
20.0;17:55:17;-56;0.350561012064532;Near
20.0;17:55:18;-56;0.343318262556736;Near
20.0;17:55:19;-57;0.346367602113587;Near
20.0;17:55:20;-56;0.339948453016111;Near
20.0;17:55:21;-56;0.334928335602617;Near
20.0;17:55:22;-56;0.330984198829773;Near
20.0;17:55:23;-57;0.336373086453944;Near
20.0;17:55:24;-57;0.340804766040703;Near
20.0;17:55:25;-56;0.335515418916402;Near
20.0;17:55:26;-56;0.331413370610817;Near
20.0;17:55:27;-56;0.328203084123462;Near
20.0;17:55:28;-59;0.349134815569165;Near
20.0;17:55:29;-62;0.387498317235422;Near
20.0;17:55:30;-62;0.423795120065539;Near
20.0;17:55:31;-62;0.457276019192494;Near
20.0;17:55:32;-56;0.42184281410009;Near
20.0;17:55:33;-56;0.397063155583066;Near
20.0;17:55:34;-58;0.399146002815029;Near
20.0;17:55:35;-63;0.439077964440457;Near
20.0;17:55:36;-57;0.421721131367587;Near
20.0;17:55:37;-57;0.408614190216127;Near
20.0;17:55:38;-61;0.434279706512429;Near
20.0;17:55:39;-63;0.472522497840165;Near
20.0;17:55:40;-63;0.508394011993591;Near
20.0;17:55:41;-63;0.541381178070322;Near
20.0;17:55:42;-63;0.571165794947314;Near
25.0;17:57:20;-63;0.880987254448644;Near
25.0;17:57:21;-63;0.865690483278607;Near
25.0;17:57:22;-63;0.852671757424461;Near
25.0;17:57:23;-63;0.841573449265967;Near
25.0;17:57:24;-63;0.832085573938944;Near
25.0;17:57:25;-74;0.921862572973402;Near
25.0;17:57:26;-74;1.01644882839536;Near
25.0;17:57:27;-75;1.12036945663689;Near
25.0;17:57:28;-74;1.22007934012493;Near
25.0;17:57:29;-69;1.26192025749631;Near
25.0;17:57:30;-67;1.26542524087177;Far
25.0;17:57:31;-74;1.36243574995708;Far
25.0;17:57:32;-74;1.45890353027473;Far
25.0;17:57:33;-73;1.54227825950928;Far
25.0;17:57:34;-74;1.63533135783597;Far
25.0;17:57:35;-74;1.72585534938966;Far
25.0;17:57:36;-73;1.79834667235698;Far
25.0;17:57:37;-74;1.88265789904487;Far
25.0;17:57:38;-73;1.94663494655803;Far
25.0;17:57:39;-74;2.02415341652313;Far
25.0;17:57:40;-68;1.95191858760674;Far
25.0;17:57:41;-62;1.65449119300744;Far
25.0;17:57:42;-57;1.22716019994337;Far
25.0;17:57:43;-74;1.30698092238875;Far
25.0;17:57:44;-74;1.38985445256397;Far
25.0;17:57:45;-74;1.47464027029753;Far
25.0;17:57:46;-74;1.56014350445839;Far
25.0;17:57:47;-74;1.64539074738467;Far
25.0;17:57:48;-74;1.72955656258544;Far
25.0;17:57:49;-74;1.81194898272183;Far
25.0;17:57:50;-75;1.90554070974133;Far
25.0;17:57:51;-77;2.02202196527797;Far
25.0;17:57:52;-68;1.95119630517789;Far
25.0;17:57:53;-75;2.03989501476719;Far
25.0;17:57:54;-66;1.89811826398202;Far
25.0;17:57:55;-67;1.81825133590345;Far
25.0;17:57:56;-74;1.89344965844747;Far
25.0;17:57:57;-74;1.96699562356504;Far
25.0;17:57:58;-76;2.06620966588617;Far
25.0;17:57:59;-75;2.15012320096162;Far
25.0;17:58:00;-74;2.21449408564248;Far
25.0;17:58:01;-76;2.30947558280288;Far
25.0;17:58:02;-76;2.40220094689092;Far
25.0;17:58:03;-77;2.50830548079595;Far
25.0;17:58:04;-65;2.21888362830168;Far
25.0;17:58:05;-61;1.7997159009523;Far
25.0;17:58:06;-61;1.53128286495157;Far
25.0;17:58:07;-61;1.3433655626458;Far
25.0;17:58:08;-61;1.20387042554127;Near
25.0;17:58:09;-62;1.12013145975816;Near
25.0;17:58:10;-63;1.07147598412266;Near
25.0;17:58:11;-76;1.16193172315978;Near
25.0;17:58:12;-75;1.25321109225504;Near
25.0;17:58:13;-76;1.35496290678701;Far
25.0;17:58:14;-74;1.44422559819539;Far
25.0;17:58:15;-72;1.51077547991216;Far
25.0;17:58:16;-74;1.59953247664317;Far
25.0;17:58:17;-76;1.70858577437798;Far
25.0;17:58:18;-76;1.81783983403045;Far
25.0;17:58:19;-76;1.92632354579624;Far
30.0;17:58:42;-78;3.92824740461044;Far
30.0;17:58:43;-77;4.05792433184859;Far
30.0;17:58:44;-74;3.8397815553334;Far
30.0;17:58:45;-74;3.6838560082059;Far
30.0;17:58:46;-68;2.83967302745553;Far
30.0;17:58:47;-71;2.67799588751618;Far
30.0;17:58:48;-71;2.56804806528264;Far
30.0;17:58:49;-65;2.05145269972041;Far
30.0;17:58:50;-64;1.71588250716942;Far
30.0;17:58:51;-64;1.51982593647066;Far
30.0;17:58:52;-70;1.5595041717216;Far
30.0;17:58:53;-77;1.6975169443665;Far
30.0;17:58:54;-77;1.83392565531029;Far
30.0;17:58:55;-75;1.9408309898543;Far
30.0;17:58:56;-74;2.02563727582342;Far
30.0;17:58:57;-64;1.78251318025057;Far
30.0;17:58:58;-68;1.74406657080843;Far
30.0;17:58:59;-67;1.68423240688139;Far
30.0;17:59:00;-76;1.78999121228021;Far
30.0;17:59:01;-76;1.89581181885462;Far
30.0;17:59:02;-76;2.00079157961917;Far
30.0;17:59:03;-77;2.11691202999003;Far
30.0;17:59:04;-77;2.23190461377084;Far
30.0;17:59:05;-77;2.34521710854562;Far
30.0;17:59:06;-77;2.45615766569236;Far
30.0;17:59:07;-76;2.54719430305423;Far
30.0;17:59:08;-75;2.61420993028686;Far
30.0;17:59:09;-64;2.2333589556174;Far
30.0;17:59:10;-64;1.97197353416767;Far
30.0;17:59:11;-77;2.07566221085809;Far
30.0;17:59:12;-77;2.18052051893797;Far
30.0;17:59:13;-73;2.22223009140728;Far
30.0;17:59:14;-80;2.3596681746509;Far
30.0;17:59:15;-80;2.49992598373042;Far
30.0;17:59:16;-78;2.61687212856041;Far
30.0;17:59:17;-78;2.73245206403299;Far
30.0;17:59:18;-77;2.82885295570511;Far
30.0;17:59:19;-78;2.94034336750102;Far
30.0;17:59:20;-77;3.02989854785333;Far
30.0;17:59:21;-77;3.11597513372239;Far
30.0;17:59:22;-76;3.17501298580938;Far
30.0;17:59:23;-70;3.01732970460415;Far
30.0;17:59:24;-71;2.9271327382889;Far
30.0;17:59:25;-74;2.94387432142547;Far
30.0;17:59:26;-79;3.06258138537605;Far
30.0;17:59:27;-79;3.18035375764128;Far
30.0;17:59:28;-78;3.2781255795539;Far
30.0;17:59:29;-74;3.26920979981333;Far
30.0;17:59:30;-65;2.79962665075145;Far
30.0;17:59:31;-65;2.46977838614887;Far
30.0;17:59:32;-65;2.22397996642134;Far
30.0;17:59:33;-65;2.03313783650174;Far
30.0;17:59:34;-65;1.88053914595295;Near
30.0;17:59:35;-65;1.75564288857032;Near
30.0;17:59:36;-64;1.62135141439056;Near
30.0;17:59:37;-63;1.4820109684562;Near
30.0;17:59:38;-64;1.39690075590062;Near
30.0;17:59:39;-66;1.36801496048665;Near
30.0;17:59:40;-66;1.34202724760707;Near
30.0;17:59:41;-66;1.31877079008577;Near
