timestamp;norm;avgnorm;state
0.428820013999939;0.0230900484843748;0.000461800969687497;0
0.459628999233246;0.129394279648959;0.00304968656266667;0
0.473204016685486;0.126535255438734;0.00558039167144135;0
0.498730003833771;0.115119164561157;0.00788277496266449;0
0.511721968650818;0.100262977810581;0.0098880345188761;0
0.53857296705246;0.0636333863682862;0.0111607022462418;0
0.549506008625031;0.0514585007390202;0.0121898722610222;0
0.571796000003815;0.0552411862324763;0.0132946959856718;0
0.594299018383026;0.0580073996340059;0.0144548439783519;0
0.615846991539001;0.0749749725624626;0.0159543434296011;0
0.638105988502502;0.0794953470798851;0.0175442503711988;0
0.660921990871429;0.0757805232758307;0.0190598608367154;0
0.682192981243134;0.0733503296010974;0.0205268674287374;0
0.705209970474243;0.0638017162313395;0.0218029017533642;0
0.726218998432159;0.0682653264114152;0.0231682082815925;0
0.760079979896545;0.0646216047605362;0.0244606403768032;0
0.77020400762558;0.0642406797211137;0.0257454539712255;0
0.792464971542358;0.0521215898735425;0.0267878857686963;0
0.81446498632431;0.0425463998609315;0.027638813765915;0
0.847106993198395;0.0300368724707985;0.0282395512153309;0
0.857847988605499;0.0233755810170231;0.0287070628356714;0
0.880248963832855;0.0273270707860279;0.0292536042513919;0
0.902440011501312;0.0290729936041941;0.0298350641234758;0
0.924068987369537;0.0349759923692131;0.0305345839708601;0
0.958189010620117;0.0397191664730159;0.0313289673003204;0
0.96758496761322;0.0315621379988513;0.0319602100602974;0
0.990217983722687;0.0284681551752315;0.0325295731638021;0
1.012619972229;0.0283980928524737;0.0330975350208515;0
1.04545301198959;0.0314883003424931;0.0337273010277014;0
1.05642598867416;0.0326866734281401;0.0343810344962642;0
1.07886797189713;0.0265861498548566;0.0349127574933613;0
1.11261200904846;0.0215871377792358;0.035344500248946;0
1.12280601263046;0.0157787850415476;0.035660075949777;0
1.15395396947861;0.0120621543206866;0.0359013190361907;0
1.16716599464417;0.0184161456837863;0.0362696419498665;0
1.18822300434113;0.0171913884631689;0.0366134697191298;0
1.21023601293564;0.0132737659379833;0.0368789450378895;0
1.23218500614166;0.0145977826339034;0.0371709006905676;0
1.26503700017929;0.0145924560379068;0.0374627498113257;0
1.27689898014069;0.0123850583861151;0.037710450979048;0
1.29861497879028;0.0153229629105751;0.0380169102372595;0
1.32071197032928;0.0173004748686832;0.0383629197346332;0
1.35358500480652;0.0257669330262765;0.0388782583951587;0
1.3644939661026;0.0163201360541746;0.0392046611162422;0
1.38625699281693;0.00794843648395394;0.0393636298459213;0
1.40874201059341;0.00609614644455833;0.0394855527748124;0
1.43144899606705;0.0105595489673428;0.0396967437541593;0
1.45290797948837;0.00627907236675093;0.0398223252014943;0
1.47508901357651;0.0119183641603939;0.0400606924847022;0
1.49722796678543;0.0117440453249097;0.0402955733912004;0
1.53062796592712;0.00926484088188345;0.0400190692391506;0
1.54132097959518;0.011861634094646;0.0376684163280643;0
1.562873005867;0.0244914649349129;0.0356275405179879;0
1.58435899019241;0.0243943920220191;0.0338130450672051;0
1.6071349978447;0.018271785457685;0.0321732212201472;0
1.62875998020172;0.00641824564140259;0.0310289184056095;0
1.66045099496841;0.00655363688113433;0.0301308211284518;0
1.67366600036621;0.001850684991053;0.0290630111036234;0
1.69533401727676;0.0123236736057558;0.0281493365830584;0
1.71737599372864;0.0110227222790963;0.026870291577391;0
1.73895198106766;0.0136232791937578;0.0255528502196685;0
1.77212101221085;0.00525624276833454;0.0241423646095186;0
1.78242897987366;0.0101884171006599;0.0228791263595098;0
1.80502200126648;0.0160168692047234;0.0219234294189775;0
1.82811999320984;0.0144712188309215;0.0208475472673676;0
1.85943299531937;0.0146663165395738;0.0198484415029484;0
1.87128400802612;0.0105145114220239;0.0187739181369666;0
1.89423400163651;0.0111004981766704;0.0179534963030291;0
1.91510897874832;0.0119229826950712;0.0173410279597119;0
1.93724596500397;0.0155972765350376;0.0170522360409967;0
1.95889097452164;0.0190773575624472;0.0169662715719052;0
1.98096996545792;0.0161148928266599;0.0167420280127178;0
2.00298798084259;0.0228947083709046;0.0166184623080521;0
2.02513700723648;0.0226442250799734;0.0163718269622673;0
2.04704999923706;0.0329297662713985;0.0162360389582349;0
2.08059996366501;0.0363381278660141;0.0163315587555782;0
2.09137600660324;0.0453200953124146;0.0166685975583218;0
2.11385101079941;0.0482978462513017;0.0170665926262984;0
2.1462590098381;0.0605866529235304;0.0176485596779191;0
2.16699200868607;0.0359087090609518;0.0177130003905754;0
2.17983096837997;0.0292501679912553;0.0177662807533033;0
2.20156097412109;0.0336465388702485;0.0180074687751236;0
2.22360199689865;0.0248801438547789;0.0181894959513882;0
2.24628400802612;0.0388304241590372;0.0187248613481552;0
2.26694297790527;0.0408650932737038;0.0191738402999536;0
2.28969299793243;0.0217073506813188;0.0192641595443166;0
2.31158399581909;0.0286959735009787;0.0195726036955765;0
2.33334600925446;0.0420843968127579;0.0201223359791536;0
2.3558269739151;0.0131216664458078;0.0200929201873116;0
2.37703400850296;0.0201001150184308;0.0202472213199579;0
2.41361200809479;0.0236669937352951;0.0204141019364523;0
2.44326400756836;0.0171091270710382;0.0204102749804994;0
2.47057801485062;0.0234386857354753;0.0203637100346834;0
2.49637097120285;0.033703047944186;0.0207113682724836;0
2.51322495937347;0.0295667739338971;0.0211437350214825;0
2.52951198816299;0.0332962644527235;0.0216877373816458;0
2.5445219874382;0.0401352663842282;0.0222792517299835;0
2.57164597511292;0.0654772001403705;0.0234632142854559;0
2.59511697292328;0.0584802018609172;0.0243944510394663;0
2.61095899343491;0.0436008053754027;0.0250315862404762;0
2.62967097759247;0.0492753771454271;0.0258317969657471;0
2.64933097362518;0.0471120566884985;0.0265368054176241;0
2.67149096727371;0.0336835626210371;0.0267206473713466;0
2.69325697422028;0.0301021690051579;0.0268348029110094;0
2.71559798717499;0.0302253852525257;0.0270738749069062;0
2.73734200000763;0.0358683513440538;0.0276628770209592;0
2.75913697481155;0.0717314877191696;0.0289664340377199;0
2.78079801797867;0.0734710839408428;0.0303988420167157;0
2.80200999975204;0.0715881248826345;0.0315841310422533;0
2.82299000024796;0.0600317718228904;0.0325643120331292;0
2.84890401363373;0.0506425301569274;0.0333046970523926;0
2.86857801675797;0.0584106229850019;0.0343677846567259;0
2.89519000053406;0.0626484153900653;0.035416984622514;0
2.9057109951973;0.0771271849002639;0.0366391909364248;0
2.92856997251511;0.0900774816295433;0.0381513161923973;0
2.96128898859024;0.0947266214952421;0.0397525222915106;0
2.98175597190857;0.104425783748887;0.0416307477380479;0
2.99399799108505;0.119364032582254;0.0437960184261596;0
3.01631301641464;0.138734543965251;0.0463322496515632;0
3.03829097747803;0.141232134690807;0.0488449468146786;0
3.0603209733963;0.145841614545017;0.05138023195433;0
3.09347200393677;0.149149042168211;0.054040914941161;0
3.10434299707413;0.149748703413033;0.0565779948420036;0
3.12675100564957;0.153880843429409;0.0592027272089923;0
3.14924800395966;0.160772191128317;0.0617595757061306;0
3.18082797527313;0.168259287948498;0.0643979989077803;0
3.20509600639343;0.159173616601895;0.0666750693335699;0
3.21482300758362;0.151084131303649;0.0687307950346168;0
3.23691499233246;0.146398220461056;0.0704470263853674;0
3.26115000247955;0.149441819734805;0.0727176885988444;0
3.28439795970917;0.162298598232156;0.0753786572036624;0
3.31246900558472;0.171267495057809;0.0781310763274137;0
3.33359199762344;0.170954205021485;0.0810525575507478;0
3.35868901014328;0.136095586644278;0.0829978608004526;0
3.38052099943161;0.286297492102878;0.0879065087770361;0
3.40332800149918;0.342039693918737;0.0943131556417845;0
3.4284970164299;0.342420368298333;0.100587643537732;0
3.44657999277115;0.304534159517546;0.105836638791827;0
3.47356796264648;0.255682153953104;0.110687848541973;0
3.49191701412201;0.0991982632202605;0.11226981150601;0
3.52098900079727;0.175387995688252;0.115304231545069;0
3.53762400150299;0.258713371670088;0.12013631643705;0
3.55489301681519;0.25346801006659;0.124736902923672;0
3.57898497581482;0.170899954813347;0.127480841061055;0
3.60083597898483;0.131141333973479;0.129512332261847;0
3.62392997741699;0.103075400722911;0.130907914987251;0
3.64553999900818;0.133005343811087;0.132765316535788;0
3.6684889793396;0.162149737174125;0.134698767276463;0
3.68923401832581;0.158861298370006;0.136706389206645;0
3.71281200647354;0.205934617555445;0.139953065450246;0
3.73407399654388;0.224178072337512;0.143451119354087;1
3.75546097755432;0.206239180260592;0.146633661825529;1
3.7773540019989;0.155955001721294;0.149079090607534;1
3.8002650141716;0.131236153578158;0.151101770298994;1
3.82200300693512;0.0969043999112157;0.152435350592168;1
3.84452199935913;0.0737591724986403;0.15319316701526;1
3.86564296483994;0.0789099199656296;0.153336735660189;1
3.88777697086334;0.0615916987396601;0.153099147956166;1
3.90998899936676;0.0348224293431442;0.152363834045376;1
3.93194496631622;0.0532493190678727;0.152228184990275;1
3.95483601093292;0.0694811407952829;0.152604957203042;1
3.97679799795151;0.108971484477986;0.153616174432902;1
3.99780797958374;0.17084162117143;0.155780038548529;1
4.02054101228714;0.198342007022434;0.158204334990973;1
4.04173398017883;0.190050469644888;0.16020379475128;1
4.06399601697922;0.140771363475918;0.161124689590893;1
4.08587300777435;0.257730017070018;0.164190774257316;1
4.10756498575211;0.269676657544878;0.167197026756568;1
4.13060700893402;0.160642057830743;0.167635177033878;1
4.15221101045609;0.068592146674775;0.166182377273558;1
4.17434597015381;0.11397798633952;0.165545104709448;1
4.1957899928093;0.114595227269188;0.164854028411467;1
4.21820199489594;0.0882772553114872;0.163624599449436;1
4.23986500501633;0.0919093688086657;0.162385169957021;1
4.26105797290802;0.135122313488619;0.161872172404227;1
4.28458398580551;0.135643779971237;0.161219862244682;1
4.30605500936508;0.219148644886605;0.162419362810376;1
4.3286309838295;0.242487194566554;0.164247424075634;1
4.3502259850502;0.211684857058909;0.165553156807592;1
4.37110596895218;0.157627449076652;0.165716869394428;1
4.39411896467209;0.0981401089395597;0.164433699608577;1
4.41754001379013;0.0871212071559147;0.162750773850539;1
4.43791800737381;0.100142375532176;0.161334537260753;1
4.4604879617691;0.120055826004848;0.161013742047964;1
4.48194897174835;0.111704538767083;0.157521882981248;1
4.50396299362183;0.0910962304418055;0.152503013711709;1
4.51943796873093;0.0971090241855401;0.147596786829453;1
4.54166501760483;0.119105491868495;0.143888213476472;1
4.56332296133041;0.112426175105411;0.141023093899519;1
4.58491498231888;0.145437021014304;0.141947869055399;1
4.60727196931839;0.171794144696267;0.14187599203556;1
4.63007998466492;0.189616440496119;0.14049405341208;1
4.65101599693298;0.190555346682926;0.139235800144407;1
4.67370998859406;0.164765126152998;0.1391131035712;1
4.69627100229263;0.0325804679397727;0.137141886250526;1
4.72031897306442;0.105006456251631;0.1371805073611;1
4.74309998750687;0.338093840663467;0.141282277298148;1
4.76322799921036;0.460309904350792;0.147245480641681;1
4.78583896160126;0.401896232944452;0.15210617933317;1
4.80805599689484;0.194719992885764;0.151881886839777;1
4.83058899641037;0.253915808273724;0.152476641558501;1
4.85184299945831;0.240329149368822;0.153158440940665;1
4.87413197755814;0.16907972182663;0.153420935342772;1
4.89632600545883;0.177287620477148;0.154341964680752;1
4.91832900047302;0.169517502250475;0.155794226727537;1
4.94041001796722;0.172070688803587;0.157760457053636;1
4.96275198459625;0.202627379480161;0.160234806243927;1
4.98266899585724;0.237333334313804;0.16374963895541;1
5.00619196891785;0.250515297450161;0.16806349631755;1
5.02541100978851;0.226121273178086;0.171520935399754;1
5.04774498939514;0.156684408985715;0.173265000763563;1
5.06802600622177;0.0921757366953985;0.172929085807911;1
5.09192401170731;0.0603306059173324;0.170718865502829;1
5.11399501562119;0.0831346739468659;0.168414718841318;1
5.13653200864792;0.114532785672031;0.166904365161861;1
5.15801596641541;0.106435542901713;0.166217648750377;1
5.18051797151566;0.0958077218966153;0.162979202846909;1
5.20249199867249;0.0452566107399772;0.15849080191081;1
5.22447299957275;0.0817714225469546;0.156913389205135;1
5.24622696638107;0.141337976561397;0.158368305802867;1
5.26990896463394;0.211544430115697;0.160319634678391;1
5.29241597652435;0.258169442813301;0.163191118989273;1
5.31473398208618;0.139462603102412;0.164214825945091;1
5.33666497468948;0.177662400669536;0.165929886582309;1
5.35929596424103;0.271853292946926;0.168664506171475;1
5.38133496046066;0.269712637060773;0.171345883313266;1
5.40131998062134;0.127448251415118;0.169511875443836;1
5.42457300424576;0.111087029373526;0.166883872139975;1
5.44771701097488;0.133579521437375;0.165321765427545;1
5.46790796518326;0.195414339258238;0.166077503231176;1
5.49094897508621;0.156120113873097;0.167237103329847;1
5.51337599754333;0.193422973301709;0.169363138652763;1
5.5349799990654;0.248539780427644;0.172331086750672;1
5.55738598108292;0.275094794127602;0.175431866113128;1
5.57857000827789;0.280013913629582;0.178798053610378;1
5.60075199604034;0.2820356270435;0.182616841542411;1
5.62258398532867;0.204815127726775;0.184770963613236;1
5.6447439789772;0.131461699042427;0.185018087756715;1
5.66629999876022;0.091013859489487;0.184589841444396;1
5.68873298168182;0.0832399912079119;0.183345900848268;1
5.71090096235275;0.0792061251379742;0.181494140457103;1
5.73338800668716;0.0680525337134274;0.179062862321449;1
5.75503897666931;0.0665451945476823;0.176582659278744;1
5.77683800458908;0.0850937586895751;0.174989231929475;1
5.79800599813461;0.106472107085642;0.176467064712393;1
5.82079100608826;0.14723793861339;0.177311694359628;1
5.84122097492218;0.180508725141526;0.174159992049189;1
5.86273801326752;0.20302765399161;0.169014347042006;1
5.88355499505997;0.20693684483858;0.165115159279888;1
5.90676999092102;0.10029026011117;0.163226564624396;1
5.92985498905182;0.215653802707588;0.162461324513073;1
5.95155501365662;0.439143929775166;0.1664376201212;1
5.97241300344467;0.482045826446522;0.172696942213598;1
5.99289500713348;0.263911837925722;0.17442942656257;1
6.01347798109055;0.274035105671992;0.176519778631;1
6.03389596939087;0.306198690183997;0.179202338658608;1
6.05567699670792;0.197683664328194;0.179103464355569;1
6.07799398899078;0.163682085578655;0.177630439380866;1
6.09994196891785;0.190694078806343;0.17643401500799;1
6.13241100311279;0.136093975418586;0.1746334690528;1
6.14418697357178;0.1164492256094;0.173828765385273;1
6.16581100225449;0.141552252265212;0.17481629569667;1
6.1883180141449;0.176565592385116;0.177140995426025;1
6.21004700660706;0.192956633757339;0.179337434622235;1
6.23175001144409;0.186426521872704;0.180775309346248;1
6.25384396314621;0.177612925640647;0.182198857001027;1
6.28697997331619;0.135588799977363;0.182994478562642;1
6.29731297492981;0.106502757054071;0.184219401488924;1
6.31921100616455;0.109020091838173;0.184764374874748;1
6.35266596078873;0.0981614424184012;0.183900844191888;1
6.36312699317932;0.070917329670723;0.181088302182989;1
6.38603299856186;0.0654524720690626;0.177233962768104;1
6.40749096870422;0.0792808304856537;0.176030327315769;1
6.44007498025894;0.100944770686005;0.174495974716098;1
6.45249700546265;0.144129992093391;0.171941508699027;1
6.4738729596138;0.204812437960198;0.170643504717016;1
6.49728697538376;0.20711942047428;0.172236928098199;1
6.5179780125618;0.09467283352198;0.171908644181168;1
6.55363297462463;0.214193852190314;0.173520930796227;1
6.56573396921158;0.392019986143755;0.177453043733937;1
6.58617401123047;0.409085859275831;0.182512358641992;1
6.60904401540756;0.198757451991861;0.182619048215795;1
6.64069598913193;0.182591630078065;0.181300085208803;1
6.65240299701691;0.185043549667658;0.179499060319605;1
6.67437100410461;0.1789528632503;0.177477839312019;1
6.7121849656105;0.215239724473365;0.176141921260616;1
6.72802597284317;0.229893361716522;0.176643485940411;1
6.75352996587753;0.201306894756229;0.178040389854687;1
6.77066999673843;0.196714759206235;0.180154407849022;1
6.78517401218414;0.191595781187331;0.182321523648611;1
6.81136399507523;0.141480764957283;0.183567016444997;1
6.83340299129486;0.0387681397890618;0.182981328566509;1
6.86576199531555;0.07456914600139;0.183141807595584;1
6.8814879655838;0.117833378044906;0.18379659998269;1
6.8982959985733;0.112792829923546;0.183923014439448;1
6.9212110042572;0.0940363838507452;0.182858983344195;1
6.95364201068878;0.110995362812646;0.181468716097618;1
6.97117501497269;0.115419560685111;0.179716554231488;1
6.98785901069641;0.102346959566956;0.177624756526055;1
7.00934898853302;0.077098143569664;0.177160914195225;1
7.03175300359726;0.105359011476497;0.174955018370603;1
7.05396300554276;0.144280715350425;0.169057754082109;1
7.07548099756241;0.152259538740862;0.162462028327995;1
7.10902798175812;0.083381042103258;0.158851412411546;1
7.12249898910522;0.114770155777111;0.155666113413648;1
7.14214700460434;0.504510541587428;0.159632350441717;1
7.16397100687027;0.654778588897856;0.16877424893311;1
7.18536299467087;0.473540438523666;0.174971415992011;1
7.20829898118973;0.20935560654171;0.175344646546718;1
7.22960996627808;0.302925447609546;0.178681275990537;1
7.26018196344376;0.281234526979847;0.181976982017946;1
7.27660298347473;0.207113405441396;0.18328820508147;1
7.29111701250076;0.173917611888358;0.183235245471535;1
7.3289589881897;0.168181715306638;0.182739747102521;1
7.3440899848938;0.112755618972514;0.181266329044517;1
7.37300097942352;0.0807068279233451;0.179328207090171;1
7.39037001132965;0.141405412541367;0.179444539341451;1
7.40547901391983;0.192125479505089;0.181156993790471;1
7.42369800806046;0.191352268192317;0.182803637317554;1
7.46000301837921;0.184932386065428;0.184539056190495;1
7.47573000192642;0.175535799547709;0.186631425588034;1
7.48947197198868;0.155812663562039;0.188438629417894;1
7.5157949924469;0.134046168731073;0.189533936182802;1
7.53733098506927;0.10252564152655;0.189565553599613;1
7.55509698390961;0.0790477961716547;0.188263909681178;1
7.57405400276184;0.0688334756673792;0.185544330435322;1
7.59640401601791;0.0704122836645631;0.182810187699128;1
7.61823797225952;0.110753668533234;0.183131804399353;1
7.64026600122452;0.160773178092744;0.182063390917401;1
7.67395198345184;0.139482422971088;0.177012639653948;1
7.68423199653625;0.166534743774214;0.172161617343916;1
7.70669096708298;0.164022120463453;0.171466910713347;1
7.73974198102951;0.127559619200573;0.170366270495798;1
7.76132798194885;0.326727772994536;0.173199954962335;1
7.77307999134064;0.322613814351084;0.176073173984351;1
7.79501801729202;0.13565086700595;0.174481396835003;1
7.81723296642303;0.0989572647931326;0.171862674896535;1
7.83844101428986;0.106735544038356;0.169971247882177;1
7.87209796905518;0.0929821250560208;0.167896595199173;1
7.88243901729584;0.0862749038710148;0.165790177652847;1
7.90476596355438;0.0936994003920037;0.164834550361541;1
7.92673301696777;0.0888769397161018;0.165836726360082;1
7.95964998006821;0.120736427574854;0.166760071991551;1
7.97066700458527;0.185278362393903;0.168108971678531;1
7.99311596155167;0.196686703148897;0.169786849143038;1
8.01451498270035;0.15138960026686;0.17093391347136;1
8.03652101755142;0.0940934385372828;0.170595874985853;1
8.06835097074509;0.0931407604551558;0.170150298981254;1
8.08111298084259;0.099103725243453;0.170085434294784;1
8.10290998220444;0.102633275714814;0.170596136937687;1
8.1360239982605;0.0922556245242508;0.170334069198642;1
8.14693999290466;0.0989670665207504;0.169427796222049;1
8.1807489991188;0.113575011575236;0.168654105678736;1
8.19109696149826;0.119947963361668;0.169385444103904;1
8.21302199363708;0.127403749521603;0.169638115978794;1
8.23521596193314;0.150829828000561;0.162564501707057;1
8.26682996749878;0.184421845551638;0.153157366840132;1
8.27917796373367;0.206382619278324;0.147814210455226;1
8.30155301094055;0.187552812443402;0.147378154573259;1
8.32341396808624;0.0682144333218925;0.142683934287506;1
8.34518301486969;0.117102713013594;0.139401298008181;1
8.36662399768829;0.322237102024174;0.141703771939837;1
8.38903796672821;0.42808346835388;0.146787089069147;1
8.41141998767853;0.400097601552327;0.151425406794061;1
8.43337696790695;0.216536605165943;0.15350102651793;1
8.45554196834564;0.255423772808436;0.156995365415631;1
8.47732800245285;0.313430322029992;0.160435863605404;1
8.4991899728775;0.263835847977198;0.161870070974846;1
8.52129399776459;0.197582086939937;0.161994667349799;1
8.5543720126152;0.150169356211737;0.161299406752725;1
8.5748929977417;0.140282503131635;0.160594340824403;1
8.5877760052681;0.110142152963993;0.159680930612442;1
8.6095409989357;0.129529542760185;0.159590598093025;1
8.63109797239304;0.191572329284742;0.161371531848188;1
8.65353500843048;0.228663953990772;0.164363855004571;1
8.68609696626663;0.204927414944131;0.167085733790106;1
8.69801300764084;0.179680424319078;0.169271096603196;1
8.71988701820374;0.119155672606859;0.169439136684669;1
8.74185901880264;0.0743745259193856;0.167711163641201;1
8.77421796321869;0.0839446863197401;0.166600408908174;1
8.78596901893616;0.087699145362464;0.165023696939939;1
8.80788600444794;0.0757363579193868;0.163257981689058;1
8.82964599132538;0.066654788561656;0.16203988507628;1
8.85188400745392;0.110987969902363;0.157725089014436;1
8.87366896867752;0.175543066803374;0.154783674063482;1
8.89615398645401;0.202939676447617;0.156129450252316;1
8.91807997226715;0.137818283127272;0.156906670618998;1
8.93959099054337;0.0738888664567147;0.156249737067365;1
8.96193397045135;0.261915516895114;0.159628404904147;1
8.99562901258469;0.386721496155733;0.165637336749842;1
9.0051149725914;0.363489975809196;0.171033148258185;1
9.02777099609375;0.217916032253832;0.17361393010894;1
9.0497539639473;0.109364651892831;0.1733864945953;1
9.08135396242142;0.21732820275972;0.174027491402616;1
9.09394198656082;0.325785679596366;0.176609470931565;1
9.11603796482086;0.316302492799084;0.17990772878221;1
9.13814800977707;0.187316421061672;0.181772188432698;1
9.17076796293259;0.122091603286574;0.182351205289326;1
9.19389599561691;0.0743318010059602;0.181855766804576;1
9.20351499319077;0.1349370302912;0.182501841896104;1
9.22634899616241;0.183607291225984;0.184328875230139;1
9.24786198139191;0.158618151725875;0.185521896934241;1
9.27076399326324;0.173289299931239;0.186716182701361;1
9.29239898920059;0.154771608708502;0.187412655608298;1
9.31430697441101;0.118966204239814;0.187243904702662;1
9.33649796247482;0.0964395957011158;0.186156100056673;1
9.35787200927734;0.0828673575666055;0.184125010296972;1
9.38982397317886;0.0970615457393102;0.181938588826192;1
9.40233701467514;0.105962460478115;0.180306781786886;1
9.42393398284912;0.0907102860675032;0.180756698841799;1
9.44676399230957;0.0776007500945555;0.179966659583418;1
9.4678869843483;0.0830230274854219;0.175182378092643;1
9.50157696008682;0.0767337276756465;0.168155383279078;1
9.51232498884201;0.0930046110272019;0.162013523468576;1
9.5342909693718;0.133803543991221;0.160358862245081;1
9.5563560128212;0.182660317470719;0.158903593138327;1
9.58780497312546;0.165087015045706;0.155936726998641;1
9.60815399885178;0.107969701914408;0.152819404077385;1
9.62867796421051;0.226436300309182;0.15339648834477;1
9.64962500333786;0.349860856462934;0.157390318349794;1
9.67203801870346;0.346453727427356;0.161513742835709;1
9.69424897432327;0.244583726147514;0.164202574299379;1
9.71597898006439;0.109038926310815;0.163792761970392;1
9.73771899938583;0.277575541054268;0.165512826205782;1
9.75985699892044;0.434521168866437;0.169629970503295;1
9.7819060087204;0.383579030325592;0.173203002810925;1
9.80413198471069;0.166273001974822;0.172934854364039;1
9.82576900720596;0.133026502926537;0.173212270970433;1
9.84660196304321;0.151888573831029;0.174762551928666;1
9.87100899219513;0.134187083857108;0.175767399879413;1
9.89258599281311;0.0888197042567867;0.1757898110573;1
9.91451698541641;0.101368892752456;0.176302461753961;1
9.93456798791885;0.141440348619785;0.177798172955124;1
9.95607298612595;0.156585790079605;0.178710129358669;1
9.98065596818924;0.101050017829317;0.177220268379187;1
10.00232899189;0.090698647046104;0.174975447791157;1
10.0241320133209;0.0868280844844946;0.173955643818302;1
10.0452460050583;0.0865805476941185;0.17420947744305;1
10.0686839818954;0.067176141913586;0.170314689943419;1
10.0904539823532;0.0671563198697155;0.163923386417699;1
10.1127640008926;0.0697512479850769;0.158048611861216;1
10.1341289877892;0.0651555342590924;0.154993401901322;1
10.1550409793854;0.07806006317778;0.154367310127021;1
10.1790120005608;0.101649846464752;0.152053743001121;1
10.20063996315;0.113721170475521;0.147812452818704;1
10.2229169607162;0.110487576153333;0.143696154485789;1
10.2442339658737;0.121745160018096;0.142384729264918;1
10.2659519910812;0.119887709396977;0.142340651387126;1
10.288832962513;0.296011844563193;0.14677425225827;1
10.3111270070076;0.415588154687692;0.1523872747462;1
10.3325939774513;0.448001538192776;0.157675159685536;1
10.3534460067749;0.363037768392817;0.161763552018875;1
10.3766409754753;0.201009338491392;0.162317952790078;1
10.3981729745865;0.332053768340909;0.165863595982726;1
10.4204549789429;0.36270771303301;0.17073842615859;1
10.4429249763489;0.18910751154108;0.172591784475389;1
10.4643349647522;0.122220694008047;0.173378851204218;1
10.4868649840355;0.135376313790322;0.174145146565238;1
10.508729994297;0.177783875488142;0.175581574865439;1
10.5305489897728;0.221976270721938;0.178206894558528;1
10.5522750020027;0.181773020098648;0.18029033995861;1
10.5742439627647;0.126124421758713;0.181152367844075;1
10.5967879891396;0.104594419714546;0.181709581684853;1
10.6185749769211;0.0915564848426844;0.181680619161163;1
10.6410949826241;0.0817161468335704;0.18063887121801;1
10.6615089774132;0.0783935800720502;0.178553536470037;1
10.6845510005951;0.0835894500798045;0.176923585170719;1
10.7069489955902;0.0868419174007458;0.176501029480445;1
10.7297739982605;0.0688178229407988;0.173348659933078;1
10.7502570152283;0.0469386735892187;0.167290216275603;1
10.7715879678726;0.0411551757295915;0.161184245241648;1
10.7960379719734;0.0408519129526219;0.15710960897775;1
10.8168060183525;0.0521968441073463;0.155972767333681;1
10.838683962822;0.054958771404042;0.151520431940676;1
10.8601809740067;0.0909264499731552;0.144648537562811;1
10.8827469944954;0.130276324442406;0.139582483445147;1
10.9054989814758;0.148247596008099;0.139221975325813;1
10.9281100034714;0.0871835012516768;0.138305115292315;1
10.9488809704781;0.0923519634271771;0.137114383084238;1
10.9699819684029;0.323076703485353;0.140892175476803;1
10.9928929805756;0.51258189929053;0.149367419377478;1
11.0150069594383;0.478548670149367;0.156911014925416;1
11.0369389653206;0.338318478228254;0.160848577517586;1
11.0590769648552;0.167060004331812;0.16105806180263;1
11.0786309838295;0.259350605320266;0.164224073552449;1
11.1040409803391;0.439037465299979;0.171190849917526;1
11.1258499622345;0.38556013402748;0.177165490908386;1
11.1474800109863;0.193723775329773;0.179308355461099;1
11.168478012085;0.135739918439165;0.180679630991611;1
11.1912080049515;0.134059957113872;0.182017703736494;1
11.2132169604301;0.0852619784106055;0.182327918345004;1
11.2351610064507;0.0894105996324479;0.182813019652471;1
11.2567560076714;0.128529438609903;0.183822407161114;1
11.2788949608803;0.165335073486968;0.185096111701558;1
11.301216006279;0.138867991266069;0.185599048117369;1
11.3238710165024;0.121441501254006;0.185818126619383;1
11.3457409739494;0.105066653644381;0.185484556491908;1
11.3669989705086;0.0797897682432329;0.184682597668834;1
11.3899369835854;0.0542028604107397;0.179846417985784;1
11.4114859700203;0.0410005444499213;0.172354665781029;1
11.4336400032043;0.0371913935124529;0.164138462887423;1
11.4553660154343;0.0511127553841657;0.15789996262725;1
11.4768570065498;0.0469061918654266;0.15481789969473;1
11.5000159740448;0.0934791344809557;0.150046407017531;1
11.5221799612045;0.122394028979071;0.145240133336452;1
11.5436149835587;0.127338415942728;0.144004751424485;1
11.564848959446;0.0710921299342929;0.14298218014301;1
11.5869289636612;0.0440700429165047;0.141156054725534;1
11.6094300150871;0.237099124724065;0.142342359710252;1
11.6313859820366;0.251951063497836;0.14294185556577;1
11.6533609628677;0.224627770488967;0.143798950573577;1
11.6744529604912;0.233471552021827;0.145945893178839;1
11.6976099610329;0.221231909328895;0.148278642971126;1
11.7195069789886;0.222779902263434;0.150903111319541;1
11.7421730160713;0.259392559857123;0.154456639580012;1
11.7634789943695;0.194953837856276;0.156787844735697;1
11.7843919992447;0.110716866208231;0.157330393058265;1
11.8082619905472;0.0994454061530162;0.15758246283331;1
11.8295279741287;0.1909949193976;0.160026004762447;1
11.8521009683609;0.221902626817494;0.163525283827012;1
11.8734480142593;0.140843967573348;0.165519059663887;1
11.8958870172501;0.0955708989731948;0.166613439384299;1
11.917809009552;0.0763175742595065;0.167095853987342;1
11.9405840039253;0.0818833234216526;0.167634345027694;1
11.9632380008698;0.0407279956902984;0.166630375942037;1
11.9835500121117;0.0299818332336622;0.164624486117862;1
12.0058950185776;0.115064086252409;0.163960815922748;1
12.0277879834175;0.0595653059606953;0.163408452016929;1
12.0504670143127;0.0558162930289678;0.162677738608964;1
12.0712270140648;0.0648314643533914;0.157512833826325;1
12.0940709710121;0.0687559877909544;0.148636315596334;1
12.1159520149231;0.0810677913917915;0.140686698021182;1
12.1390079855919;0.0787586231601888;0.135495500919821;1
12.1613550186157;0.0990395774993527;0.134135092383172;1
12.1813259720802;0.0950168190219094;0.130848416657205;1
12.2024480104446;0.0759798398575483;0.123587264148356;1
12.2263059616089;0.122608898986164;0.11832823944753;1
12.248064994812;0.325985270965139;0.120973469360237;1
12.2699480056763;0.519056097386477;0.128639792939183;1
12.2925019860268;0.581914951325466;0.137596892823415;1
12.3145589828491;0.343117074721839;0.14275399474964;1
12.3369989991188;0.210863121823303;0.145183045193457;1
12.3588770031929;0.347259700895101;0.149557650439161;1
12.3803249597549;0.437841227874598;0.155007773526913;1
12.4017930030823;0.377689375645262;0.159784201214497;1
12.4248669743538;0.198963331104616;0.16133463781151;1
12.4465889930725;0.183938444025099;0.162912073619124;1
12.4682689905167;0.166288548806737;0.164642049230394;1
12.489385008812;0.137307243508811;0.166304136892355;1
12.512993991375;0.106379818147826;0.167611722366313;1
12.5347039699554;0.12359306843266;0.169339755864718;1
12.5569049715996;0.146686757314133;0.171251235903317;1
12.5781610012054;0.132191935127991;0.172956950768568;1
12.6006169915199;0.130840864783424;0.173704185374618;1
12.621129989624;0.120904690445145;0.173674398603939;1
12.6447370052338;0.101560692810771;0.1731588441413;1
12.6663919687271;0.0917226272621767;0.173571454087858;1
12.6877819895744;0.0774924727417314;0.174239902684362;1
12.7109779715538;0.0980113466147168;0.171458147122175;1
12.7336149811745;0.129631802486019;0.169011761901939;1
12.7548779845238;0.100414434873552;0.166527495189631;1
12.7769359946251;0.0652718562630719;0.163163501274456;1
12.7989159822464;0.0774044046944942;0.160286951181767;1
12.8209229707718;0.102281672656376;0.157876986589626;1
12.842885017395;0.176706057122454;0.156223256534933;1
12.8646619915962;0.34947968175142;0.159313773412836;1
12.8865720033646;0.449255657591069;0.166084549240493;1
12.9085739850998;0.42713795011891;0.17263840011981;1
12.9315379858017;0.208043663035023;0.172979374992559;1
12.9531379938126;0.304064384761313;0.174622610151435;1
12.9747599959373;0.407459702639283;0.179954924852754;1
12.9955710172653;0.377518193770289;0.185593870748696;1
13.0178889632225;0.14911652555094;0.187049849774524;1
13.0408930182457;0.134407399670039;0.188100331299492;1
13.0632320046425;0.137913863854861;0.190044048662783;1
13.0847780108452;0.177314498768419;0.192990701973479;1
13.1066190004349;0.266217288857237;0.196013766025575;1
13.1290509700775;0.286815959752531;0.200558779101412;1
13.1512100100517;0.238488379471876;0.20421222083027;1
13.1733430027962;0.210595747521462;0.207127506493631;1
13.1946129798889;0.192773427085563;0.209607855279524;1
13.2170339822769;0.167750274641656;0.211341504944521;1
13.2377139925957;0.139333376057312;0.212553000002463;1
13.2618499994278;0.11471808860911;0.212866570224658;1
13.283007979393;0.0961011607776637;0.212888257059774;1
13.305202960968;0.0658103713300436;0.212684867689223;1
13.3270589709282;0.074948071637338;0.211731651142247;1
13.3490650057793;0.088249420471222;0.206976934132369;1
13.3725419640541;0.0806243344273867;0.198208298873187;1
13.3942319750786;0.068246412691623;0.18793492810051;1
13.4153779745102;0.0701297844010327;0.182475182294094;1
13.437196969986;0.0940873825135074;0.180139667507898;1
13.4598569869995;0.102460266687544;0.175243678823747;1
13.481104016304;0.108347500459589;0.168653804275447;1
13.5023400187492;0.326799920462855;0.167636015171798;1
13.5259810090065;0.58305261249383;0.175317800799583;1
13.5474659800529;0.553352470195855;0.182706081322998;1
13.569297015667;0.300541301829108;0.185391136383445;1
13.5906729698181;0.233834595817571;0.18732168342962;1
13.6136139631271;0.412927806332458;0.193452643193313;1
13.6363129615784;0.43486995721061;0.199678180968872;1
13.6560029983521;0.296120350219681;0.202666852826983;1
13.6799280047417;0.219281621923999;0.204408646562903;1
13.7010880112648;0.233876290630519;0.206469355079845;1
13.7231729626656;0.239125032889178;0.208833761928726;1
13.7461850047112;0.148613972983298;0.209774827532176;1
13.7679259777069;0.115345777937494;0.210247290545683;1
13.7897529602051;0.153729168003875;0.211772024450926;1
13.8123449683189;0.174180396464576;0.213295405447923;1
13.8337479829788;0.152882992523144;0.213760429248665;1
13.8553019762039;0.0983789591638097;0.21371971973447;1
13.8782539963722;0.077373717760549;0.21396175696442;1
13.9000189900398;0.0969805946621235;0.214353280763772;1
13.9210639595985;0.113097090707885;0.214569589124803;1
13.9442639946938;0.104820278031699;0.213131873542988;1
13.9661419987679;0.0765502566228456;0.207673285040416;1
13.9876589775085;0.051041065730043;0.199708993203196;1
14.0089809894562;0.0362891474181522;0.19189201714918;1
14.0316619873047;0.0494192502267819;0.188719528893016;1
14.0528090000153;0.07130198914006;0.184064280980591;1
14.0760939717293;0.084820534089767;0.1776114976096;1
14.0974270105362;0.0538722838539549;0.171138579411274;1
14.1204400062561;0.0538803547350953;0.169233855994957;1
14.1420329809189;0.131938723055267;0.169184482462661;1
14.1639459729195;0.247184376790096;0.171369892721366;1
14.1865019798279;0.270970428428446;0.173243011314566;1
14.2074379920959;0.252436379288361;0.172967393123189;1
14.2304179668427;0.24674074201956;0.172165888768529;1
14.2521349787712;0.223082055179092;0.171857762282674;1
14.2741810083389;0.240580402628781;0.17245745538482;1
14.2956789731979;0.183820210943876;0.172278391061986;1
14.3180019855499;0.123936238475489;0.171402110338663;1
14.3404110074043;0.116560995561831;0.170946662728754;1
14.3618859648705;0.133938392324879;0.171331068803069;1
14.3842920064926;0.195411607304367;0.173317277733603;1
14.4051200151443;0.19449938502512;0.175891058007504;1
14.4285829663277;0.127575683359164;0.176943610241941;1
14.4505069851875;0.0789760564635075;0.176758142961787;1
14.4712510108948;0.115059859774653;0.177446853468732;1
14.4943559765816;0.142215805663365;0.178926241328167;1
14.5149359703064;0.141069982605761;0.180345045292261;1
14.5381919741631;0.126634282100499;0.180995983284001;1
14.5606340169907;0.115450795307678;0.181255793856404;1
14.5825209617615;0.106982497950042;0.181228493806213;1
14.6037709712982;0.0967255877224034;0.176627007151404;1
14.6274790167809;0.099207901686504;0.166950112935258;1
14.6490089893341;0.11774407916466;0.158237945114634;1
14.6702169775963;0.111196389745194;0.154451046872955;1
14.6925919651985;0.0946916772406704;0.151668188501417;1
14.7138919830322;0.0989164850377012;0.145387962075522;1
14.736387014389;0.135667012384839;0.139403903179007;1
14.758780002594;0.105603145731741;0.135593559089248;1
14.7807070016861;0.0837005619791635;0.132881937890351;1
14.8031380176544;0.0837520572874805;0.129879453223491;1
14.8252369761467;0.086719811290586;0.126831348791519;1
14.8466219902039;0.072056674081531;0.125300202813483;1
14.8680300116539;0.0220600325674671;0.123434487906083;1
14.8907659649849;0.0521494961324443;0.121402894468654;1
14.9118399620056;0.0887560529012953;0.119694407597389;1
14.9346550107002;0.0743487928056763;0.118123723603039;1
14.9568060040474;0.041582328136999;0.116987790982503;1
14.9789220094681;0.057654089486085;0.116593398417014;1
15.0008209943771;0.0566381350578555;0.115786549224928;1
15.0218920111656;0.0446712312580986;0.114418032035933;1
15.0446929931641;0.0468490517052217;0.113258607509403;1
15.0671769976616;0.0407555591403605;0.112542713559753;1
15.0875349640846;0.0623339754602713;0.112768571754358;1
15.1102600097656;0.0700320157755644;0.113443429121506;1
15.1329249739647;0.0570186775804506;0.11359541766858;1
15.1550619602203;0.0548016469927047;0.113265410825632;1
15.1766610145569;0.0576467142724468;0.112721934429286;1
15.1992179751396;0.060971910358029;0.112863926959368;1
15.2202039957047;0.0667436593326027;0.113121193051318;1
15.2426899671555;0.060137728511974;0.111685173160452;1
15.2652539610863;0.0569448517454177;0.107880382659558;1
15.2869110107422;0.0418622814738576;0.103298219720466;1
15.3097249865532;0.0484620384700363;0.0992187329041;1
15.3309620022774;0.0423014280514682;0.0951299466247382;1
15.3531509637833;0.0204540590957037;0.0910773867030704;1
15.374900996685;0.0155142714591034;0.0865760640796768;1
15.3972609639168;0.0169839193387744;0.0832393382475748;1
15.4180859923363;0.0348000247363487;0.081456613972792;1
15.4455360174179;0.0296566732551839;0.079718527526659;1
15.4778490066528;0.0162194514268135;0.0773641487086977;1
15.5045650005341;0.0180523196157028;0.0738169629549244;1
15.5294780135155;0.0208037688776307;0.0703430506319746;1
15.5549690127373;0.0142419355870697;0.0680763756765328;1
15.572643995285;0.0164307371746523;0.0668254692907557;1
15.5881760120392;0.0162465707176219;0.064849203509615;1
15.6045089960098;0.0168532352242844;0.0623419521008334;1
15.6258580088615;0.0171229743032834;0.0598630119347839;1
15.6469419598579;0.0263699944491107;0.0578577261817561;1
15.6692129969597;0.0161238973985579;0.0558711882235737;1
15.6916890144348;0.00790690422944656;0.0538896763491618;1
15.712297976017;0.0172937585485437;0.0523010397656846;1
15.7336519956589;0.0176943830209949;0.0506707693923744;1
15.7531970143318;0.0172104895697776;0.0486600976004767;1
15.7780119776726;0.0100368800629191;0.0466369074068312;1
15.7932419776917;0.0102941294352726;0.0449489564507233;1
15.8160020112991;0.0113968888270096;0.0431985645265094;1
15.8377479910851;0.011736256892967;0.040719949416672;0
15.8603909611702;0.0180449675149715;0.0389687858523366;0
15.8818299770355;0.0116488440385015;0.0375277514935234;0
15.9035469889641;0.0188366631588096;0.03622944361095;0
15.924672961235;0.0259448846165711;0.0350139450774697;0
15.9479929804802;0.0170723134632097;0.0339142578651033;0
15.9698559641838;0.0144665628772132;0.0337623884712982;0
15.9920240044594;0.0176994790964825;0.0330733881305789;0
16.01393699646;0.00603954188273592;0.0314190579102078;0
16.034353017807;0.0226330587508237;0.0303847432291107;0
16.0587469935417;0.0220705013319624;0.02999450669301;0
16.0802270174026;0.010618140787739;0.0290537877190431;0
16.1017009615898;0.00916025730716389;0.0281042301640292;0
16.1222670078278;0.0161387036993009;0.0275335796128533;0
16.146430015564;0.0333727210266526;0.0272640529992819;0
16.1689139604568;0.0277979509315357;0.0270049008351054;0
16.1910240054131;0.0185936201636937;0.0261300937291738;0
16.2130879759789;0.00896095662322634;0.0249086725461271;0
16.2345010042191;0.0113678363177552;0.0239956557208732;0
16.2567889690399;0.00548522666678532;0.0230093273143548;0
16.2809360027313;0.0168867368426384;0.0221941277657586;0
16.3034489750862;0.0136604551323116;0.0212478986612442;0
16.3252429962158;0.0177916421479686;0.0202688583175516;0
16.3466150164604;0.0203398799211428;0.0194729013457349;0
16.3687219619751;0.0194046133991945;0.0187220965788105;0
16.3947339653969;0.0108223676859277;0.0181012983030519;0
16.414460003376;0.0146005649994563;0.0174240688336403;0
16.4379479885101;0.00987375110249445;0.0167755152946608;0
16.4622640013695;0.00701637870341922;0.0165067616868151;0
16.4836440086365;0.00872717812760508;0.0163710198201852;0
16.5055760145187;0.00692135197777938;0.0161697684729653;0
16.5277699828148;0.0076303504264955;0.0156263749867682;0
16.548936009407;0.0156071844066745;0.015345385209798;0
16.57113301754;0.0178034592321074;0.0153770653659039;0
16.592925965786;0.00953654961004306;0.0152067499657907;0
16.615826010704;0.00979147170346373;0.0149865040223073;0
16.6370729804039;0.00988972066445567;0.0148994597238551;0
16.6598129868507;0.0181030095328223;0.0149329051710185;0
16.6820250153542;0.0176751972226178;0.0149614777011184;0
16.7033249735832;0.0163661471789763;0.0149517359402122;0
16.725664973259;0.0175369939841808;0.0149600163338302;0
16.7479419708252;0.0109021310850557;0.0146506590665491;0
16.7691279649734;0.00774210894670849;0.0144830232975121;0
16.79109197855;0.00655020813548672;0.0144558893756329;0
16.8134199976921;0.00572305288304845;0.014224475262323;0
16.835590004921;0.00945481540873391;0.0140596839100778;0
16.8566389679909;0.00961178463845936;0.0139077098114514;0
16.8794459700584;0.0117509020237959;0.0139419902506689;0
16.894640982151;0.00927716515652243;0.0139216509650939;0
16.9165480136871;0.0095546734796449;0.0138848066581466;0
16.9384549856186;0.015021233894606;0.0139505061981794;0
16.9593160152435;0.0161410241956351;0.0139124273317927;0
16.9827159643173;0.016939513550983;0.0140182407220423;0
17.0049250125885;0.0106349662989498;0.0138542067848451;0
17.026880979538;0.0104973517789989;0.0135452561280937;0
17.0475609898567;0.00687152350270636;0.0133412403288836;0
17.0712729692459;0.00705928493417523;0.0131930947700229;0
17.0933439731598;0.00936146851762776;0.0130263345584458;0
17.1148099899292;0.0044826303982645;0.0129951963287563;0
17.1366149783134;0.00703030146551397;0.0126831411830501;0
17.157516002655;0.0134999226145847;0.0125117296087026;0
17.1811169981956;0.00914429709330247;0.0124822527348138;0
17.2029989957809;0.00701591141412254;0.012439365816953;0
17.2244889736176;0.0109723764877509;0.012336039272722;0
17.2471079826355;0.0107028540813825;0.0118826419338166;0
17.2702459692955;0.00804906577761059;0.0114876642307381;0
17.2921009659767;0.0187477150665785;0.0114907461287958;0
17.3142439723015;0.0139311368122053;0.0115901497325754;0
17.3357200026512;0.0076798360289753;0.0115163897267998;0
17.3598479628563;0.00747650164445474;0.0115562152263532;0
17.3821579813957;0.00121089007949612;0.0112426982910903;0
17.4036049842834;0.00584188036836992;0.0110863267958115;0
17.4257209897041;0.00364922870596577;0.0108034785269715;0
17.4471459984779;0.0100855393116844;0.0105983917147823;0
17.4701380133629;0.009297217099037;0.0103962437887791;0
17.49216401577;0.00657829330528404;0.0103113623011663;0
17.5141459703445;0.0108161138460121;0.0102356732780974;0
17.5360499620438;0.00354329917591292;0.0101090642395657;0
17.5545929670334;0.0120809904566893;0.0102103564746311;0
17.5755959749222;0.0121072920027078;0.0102779587521332;0
17.599406003952;0.0129487785526242;0.0103985072836301;0
17.6210020184517;0.00727720053505966;0.0103914442858014;0
17.6429769992828;0.00937497932298173;0.0102668001841275;0
17.6650189757347;0.00766942081388266;0.010064119415763;0
17.6874349713326;0.00150368770191823;0.00990346217760053;0
17.7092930078506;0.00490620720643439;0.00980575688765994;0
17.7317209839821;0.00576003843478412;0.00972316324306651;0
17.7525669932365;0.00940201297376929;0.00954914331188545;0
17.775417983532;0.0123748838057374;0.00944313704354784;0
17.797639966011;0.0134867733982301;0.00938554956793292;0
17.8194869756699;0.0158397856636216;0.00935160540152174;0
17.8416810035706;0.0118539703645602;0.00937064218711183;0
17.8621819615364;0.00538648984797901;0.00932352980513724;0
17.8860769867897;0.0122402125696263;0.00943732989382003;0
17.907909989357;0.0197387954650827;0.00971764474546071;0
17.9307069778442;0.00849829019116546;0.00969851424110934;0
17.9512320160866;0.0110861859350037;0.00972800226704023;0
17.9728119969368;0.0216112354700142;0.0099252089359646;0
17.9958209991455;0.0149446498272017;0.0100385586293782;0
18.0181279778481;0.0156905695042594;0.0101612765498705;0
18.0402449965477;0.0303121961838498;0.0104670957956553;0
18.0623779892921;0.0184052798213813;0.0105123809081703;0
18.0845699906349;0.0102717044341033;0.0103790247258327;0
18.1085759997368;0.0149503710307613;0.0104653328204689;0
18.1306639909744;0.0160843944611245;0.0105770736741114;0
18.1530299782753;0.0251024448161779;0.0109416921003808;0
18.1746450066566;0.0291336147335957;0.0113831786963693;0
18.1967849731445;0.0351864443767506;0.0118996782135517;0
18.2188169956207;0.0460132379694601;0.0127302903649756;0
18.2408609986305;0.0404717692480874;0.0133991197206271;0
18.2626999616623;0.032907422268033;0.0137872697136961;0
18.2899770140648;0.0393219994148562;0.0143908237601271;0
18.3122479915619;0.0423360953663806;0.0150972274391723;0
18.3346329927444;0.0498071384010062;0.0158739226774374;0
18.3553019762039;0.0501405941568476;0.0166626774789467;0
18.3764870166779;0.0480165381476615;0.0174620269263477;0
18.3986160159111;0.0621404832703317;0.0183298822904228;0
18.4210969805717;0.061415646396049;0.0192795724820997;0
18.4433159828186;0.0549833634206192;0.0202256430299325;0
18.4653109908104;0.0431923586218051;0.0209399601694795;0
18.4872269630432;0.0460186745105329;0.0218361158581003;0
18.5089939832687;0.0333089584805304;0.0223854574203435;0
18.5317890048027;0.0353093485109246;0.0230186598164427;0
18.5534799695015;0.0498985517374043;0.0238149200649571;0
18.5754330158234;0.0552304992907068;0.0247335857087905;0
18.5979390144348;0.0583148587267883;0.0257683170172206;0
18.6193580031395;0.0883084541593131;0.0273181638234866;0
18.6414960026741;0.0941624728462861;0.029130547296894;0
18.6650229692459;0.0924028851370977;0.0307369851905022;0
18.6884939670563;0.0830770472057324;0.0321563802945627;0
18.707515001297;0.0994321923905314;0.0338860485713208;0
18.7297139763832;0.0849650878432673;0.035439806317485;0
18.7519859671593;0.101102086333729;0.0372743484576999;0
18.7731359601021;0.109211587230442;0.0393051917860311;0
18.7956460118294;0.13128638269985;0.0419008456859898;0
18.8172879815102;0.154847680705;0.0448996751559611;0
18.8394309878349;0.141141170428317;0.0476072977958317;0
18.8611270189285;0.136127782413381;0.050141813184624;0
18.8829270005226;0.140793715458346;0.0527101898176761;0
18.9050599932671;0.146979548602488;0.0553800453217613;0
18.928416967392;0.156829939773493;0.0581998484039587;0
18.9500489830971;0.145430081096715;0.0608713706186018;0
18.9716950058937;0.148909242260365;0.0637418256668495;0
18.9936069846153;0.158365924858214;0.0666643399126213;0
19.0146209597588;0.154083236332975;0.0693512287299791;0
19.0373299717903;0.150315641756791;0.0721875757612916;0
19.0602099895477;0.14986429186908;0.0749631378799732;0
19.0821679830551;0.149599909106713;0.0775229113527072;0
19.1040259599686;0.158432543089874;0.0803926692179606;0
19.1258360147476;0.172789551410593;0.0835346488560872;0
19.1482529640198;0.163268444620159;0.0861937738248134;1
19.1715610027313;0.0733060544865995;0.0872917893181178;1
19.1910020112991;0.0759909012239856;0.0886061732539155;1
19.2147299647331;0.31287431788274;0.094564652190955;1
19.235494017601;0.569561502322894;0.10563419434819;1
19.2580450177193;0.453209177838619;0.114196329008639;1
19.2788869738579;0.227075167988865;0.118155160073745;1
19.3022930026054;0.122522773306319;0.119901886652336;1
19.3237169981003;0.228612008067112;0.123553862054289;1
19.3473289608955;0.307050142120208;0.128885429511731;1
19.3683120012283;0.306838354864351;0.134364048163658;1
19.3897619843483;0.206022782782376;0.137698063831008;1
19.4124500155449;0.130607346573482;0.13946348885515;1
19.4340400099754;0.146056190001307;0.141388469887156;1
19.4567880034447;0.130750480056429;0.143000667605148;1
19.4784309864044;0.124534587907973;0.144531028600354;1
19.5005379915237;0.120569458272236;0.145699608100392;1
19.5220159888268;0.164900253032544;0.147769300233122;1
19.5441529750824;0.161331641979847;0.149896265804307;1
19.5667399764061;0.167114666641798;0.152374711964706;1
19.5875629782677;0.163804075108774;0.154730419976671;1
19.6106500029564;0.154806019413986;0.15716036119534;1
19.632364988327;0.148912640622234;0.159432427037567;1
19.6517139673233;0.1452992460602;0.161340440924023;1
19.6766939759254;0.108102987348722;0.162397890685183;1
19.6961159706116;0.0628830879604644;0.162489255269856;1
19.7213990092278;0.0300516952177874;0.161324120091026;1
19.7424690127373;0.0170767222298653;0.159782405078697;1
19.7649309635162;0.0651164781471877;0.159236676938899;1
19.7864170074463;0.124175695581572;0.160058649906416;1
19.8087800145149;0.150126213999406;0.161072530338593;1
19.8312579989433;0.0726448718219949;0.160826126018168;1
19.8534100055695;0.0555137103616305;0.159914358498726;1
19.8740879893303;0.265522433265583;0.163040575419429;1
19.8957269787788;0.366123378618813;0.167737315337808;1
19.9189559817314;0.249553986557101;0.16963144145485;1
19.9405859708786;0.139226925838499;0.169593156563054;1
19.9633010029793;0.153973222788442;0.169950065370555;1
19.986181974411;0.196103380370636;0.171056258668801;1
20.0066819787025;0.204290860539709;0.172202484907545;1
20.0289279818535;0.176953146854196;0.172604949049159;1
20.0483350157738;0.133975669290335;0.172375860813032;1
20.0728319883347;0.110515010507408;0.171607976177973;1
20.0935269594193;0.134552339742709;0.171131704475662;1
20.1179419755936;0.2098545697119;0.172247131143241;1
20.1382229924202;0.202414416553551;0.173289106639176;1
20.1615709662437;0.148264782327039;0.173257116448335;1
20.1836609840393;0.0966790508582262;0.172198699283366;1
20.2046920061111;0.0505181358502333;0.170040411138573;1
20.2266179919243;0.0279578630872107;0.167143777372105;1
20.2501699924469;0.0441455910301166;0.164761320300304;1
20.2716500163078;0.0876240353047308;0.165047679916667;1
20.2924789786339;0.109018530812374;0.165708232508435;1
20.3147729635239;0.104659902135541;0.161543944193491;1
20.3368139863014;0.100467883154502;0.152162071810123;1
20.3592239618301;0.0982176128930342;0.145062240511211;1
20.3819289803505;0.107082001379549;0.142662377179025;1
20.4036070108414;0.187900675756945;0.143969935228037;1
20.4259499907494;0.284337694109828;0.145084448948892;1
20.4476259946823;0.265484411584309;0.144253134338174;1
20.4691339731216;0.174448968399142;0.14160534660887;1
20.4911549687386;0.275238590819244;0.142989662769607;1
20.5109490156174;0.375568110822792;0.147888878054593;1
20.5357310175896;0.377431191913816;0.152516378092843;1
20.5577659606934;0.231386177134864;0.154529092034412;1
20.5797799825668;0.225113564106619;0.156540671558385;1
20.6007159948349;0.292310751643868;0.159975497425818;1
20.6237040162086;0.271331012532946;0.162104112615826;1
20.6455590128899;0.184893103443555;0.1625753418451;1
20.6683089733124;0.163965563211684;0.162512359776497;1
20.6888070106506;0.120739445385512;0.161651067182032;1
20.7105450034142;0.0871909059358882;0.16029876491247;1
20.7344499826431;0.0884979326476995;0.15909047075298;1
20.755500972271;0.188305357228069;0.159950592976337;1
20.7773550152779;0.212990181690239;0.162048336863167;1
20.7998099923134;0.196346572359507;0.164717606551148;1
20.8228219747543;0.164097804245284;0.167398528731698;1
20.8438050150871;0.128070552430205;0.169618405335705;1
20.8652389645576;0.108634290063732;0.170488761574036;1
20.8877120018005;0.0882279540088204;0.169769806742581;1
20.9081400036812;0.0738705703445522;0.168244693869484;1
20.9320790171623;0.0653797903769772;0.168099392240583;1
20.953743994236;0.0443844628487213;0.167876807290325;1
20.9764559864998;0.0785995160191126;0.164138348945396;1
20.9978510141373;0.163818115564403;0.160092243684308;1
21.0211600065231;0.243742333721769;0.159976010627601;1
21.042554974556;0.221415678292486;0.161619785676681;1
21.0664499998093;0.0629805727043323;0.159799932674998;1
21.0842829942703;0.196457659862474;0.159807018264835;1
21.1070100069046;0.404179215845666;0.163804785370954;1
21.1297299861908;0.380437441492207;0.167874471263715;1
21.151458978653;0.113649843527007;0.167467954748448;1
21.174800992012;0.18718344908655;0.169001323520031;1
21.1966899633408;0.178819878789893;0.169886674300975;1
21.2178310155869;0.151853103482088;0.168726644976378;1
21.2393940091133;0.172620237163583;0.168130761388579;1
21.2621929645538;0.188415885119347;0.168933783444425;1
21.2838000059128;0.252264411836755;0.172045490663996;1
21.3060749769211;0.25506215799952;0.176136371106981;1
21.3277069926262;0.248128211151623;0.18053977806827;1
21.3496800065041;0.221127360398942;0.184079413455646;1
21.3648219704628;0.152383867410484;0.185374610097761;1
21.3869289755821;0.0778336555296441;0.184750912592107;1
21.409373998642;0.0271310492619673;0.183200335534635;1
21.4313349723816;0.0389234710927477;0.1819694472934;1
21.4536889791489;0.0875652660462999;0.181756400356465;1
21.4756819605827;0.106097871387895;0.181736717756632;1
21.4972400069237;0.116951802904241;0.180317740299578;1
21.5182709693909;0.0770713954663908;0.176172414326709;1
21.5422170162201;0.0366614476551508;0.171595955048126;1
21.5655369758606;0.0792284756512945;0.169691545193169;1
21.5887379646301;0.136805233113865;0.166922878039062;1
21.6072219610214;0.204104439471133;0.163493604612029;1
21.6298350095749;0.188585549176451;0.159716691757281;1
21.651978969574;0.107690819373447;0.157242784602053;1
21.6731749773026;0.372160973965884;0.160183732799238;1
21.6960020065308;0.472255464017393;0.163782627046709;1
21.7165529727936;0.4828428205119;0.168012863206288;1
21.7400829792023;0.318398471502392;0.170682970567465;1
21.7615910172462;0.161224569494568;0.170628150693122;1
21.7854560017586;0.2245746847546;0.172704855480504;1
21.8078449964523;0.212920555023392;0.175219448462254;1
21.8283429741859;0.159122192040181;0.176631933650104;1
21.8512189984322;0.141382523789209;0.175693476981326;1
21.8712809681892;0.112024804716098;0.173674169441844;1
21.8933359980583;0.100422127492004;0.171755680544494;1
21.9145839810371;0.108781200623644;0.170649348472061;1
21.9369530081749;0.154475101619826;0.171177439455853;1
21.9597389698029;0.188869765369429;0.172782148961967;1
21.9820429682732;0.189793227153556;0.174813454424862;1
22.0037609934807;0.179189252964121;0.176919828077253;1
22.0248879790306;0.142590390066097;0.178464040071036;1
22.0479840040207;0.117979374569276;0.179935938305447;1
22.0702750086784;0.0940118017479445;0.180244184020023;1
22.0920509696007;0.0751506338876187;0.178470834386488;1
22.1133350133896;0.0457048837144536;0.174510085386341;1
22.1337649822235;0.0473530100686399;0.171028832021865;1
22.1568939685822;0.148465551976737;0.172738531607313;1
22.1796000003815;0.226817959237485;0.173345737594813;1
22.2011469602585;0.232273296765389;0.169907619213207;1
22.2225939631462;0.115050933066357;0.16459988904469;1
22.2454540133476;0.0630218747115077;0.16358732966838;1
22.2681189775467;0.405418092015452;0.167952022526958;1
22.2894129753113;0.455257137378826;0.173480767698737;1
22.3118230104446;0.293437130345778;0.176312448236011;1
22.3330789804459;0.124778382946272;0.175355611151665;1
22.3555299639702;0.183250707820875;0.175252307605695;1
22.3776389956474;0.181781748401506;0.17384265433699;1
22.3993139863014;0.124028399818713;0.171221979173374;1
22.421227991581;0.113864365141625;0.168536702253174;1
22.4436929821968;0.14259596328501;0.166966074310895;1
22.4656599760056;0.204054094305656;0.167999478848799;1
22.4881199598312;0.216300689742933;0.170768819533065;1
22.5096899867058;0.185616917730086;0.173938536902427;1
22.5322229862213;0.114810620184094;0.175456279884254;1
22.5533449649811;0.0700906460988242;0.175106787485304;1
22.5756340026855;0.108048537621201;0.175145800809971;1
22.5980929732323;0.108634806247405;0.174979460876834;1
22.6196209788322;0.076408992544725;0.174966212818401;1
22.6405529975891;0.0710679376792338;0.175654342618882;1
22.6637189984322;0.0810586900089449;0.175690946906035;1
22.6862459778786;0.101427232310091;0.17498338688996;1
22.7078740000725;0.125419613161324;0.173409690363764;1
22.7299550175667;0.128475431442618;0.172207488009087;1
22.750422000885;0.115003003288637;0.172353731687391;1
22.7740539908409;0.137798238397943;0.167666476976032;1
22.7957090139389;0.173064852440052;0.161682664744485;1
22.817557990551;0.166432048074364;0.155354449295734;1
22.8388369679451;0.0888670031303076;0.150763819928293;1
22.8617749810219;0.212927500256486;0.151797878543531;1
22.8840129971504;0.416413747520128;0.155634659798842;1
22.9064589738846;0.481810149657802;0.16101245169153;1
22.9281809926033;0.401247015270668;0.165854948156139;1
22.9494459629059;0.177043932520255;0.16656817633076;1
22.9718909859657;0.272962558512129;0.169786931406681;1
22.9943459630013;0.291756588871054;0.173613620634262;1
23.0163539648056;0.195498962783501;0.175347975877459;1
23.038536965847;0.135783779533714;0.174974149435737;1
23.060712993145;0.118291778505071;0.17356258969845;1
23.082516014576;0.120270960547639;0.172172144366331;1
23.1044889688492;0.100440714753996;0.170597173602129;1
23.1264269948006;0.0963128578095651;0.169671622956998;1
23.1476550102234;0.152548140464932;0.170362998274911;1
23.1698849797249;0.175812247733487;0.171999007194622;1
23.1921910047531;0.116805434944175;0.172832103215753;1
23.214330971241;0.0832950843580971;0.173583907228626;1
23.2359519600868;0.066729561858789;0.173971438264429;1
23.2588589787483;0.0650700370216927;0.172303527965328;1
23.2807859778404;0.111288949784607;0.169992947776271;1
23.3029299974442;0.105374540049047;0.167454972641944;1
23.3249899744987;0.0805564377051994;0.166765082734721;1
23.3460689783096;0.0798232187141998;0.167101109614775;1
23.3685240149498;0.0523345931390106;0.160039439637246;1
23.3973410129547;0.0345228942905453;0.15162475477548;1
23.4209470152855;0.0664394205589691;0.147084800579744;1
23.4423829913139;0.106242807103493;0.146714089062888;1
23.4642440080643;0.0978990955466397;0.145007056817404;1
23.4862790107727;0.0207338107219468;0.141786098063813;1
23.5087519884109;0.175335497721264;0.142812240021864;1
23.5308619737625;0.378003567617228;0.148095024071376;1
23.5516719818115;0.387786544262564;0.152998835690927;1
23.5743179917336;0.229691149294502;0.153511576790704;1
23.5963439941406;0.0779882472376269;0.150745327940598;1
23.6178950071335;0.0831712345958072;0.148696414277912;1
23.6392639875412;0.0935568208579367;0.148271338291389;1
23.6614229679108;0.100839887264586;0.148886323114704;1
23.6839889883995;0.0809146438299101;0.148343645238878;1
23.7071340084076;0.0592174808447636;0.147355298730825;1
23.7281789779663;0.0990178773913374;0.147807476427758;1
23.7500039935112;0.178693699233757;0.149959991658848;1
23.7748829722404;0.204184723022552;0.15242251231912;1
23.792061984539;0.164507635161207;0.153684120376143;1
23.8169429898262;0.145843307036246;0.154092594253641;1
23.8381109833717;0.163405801378974;0.154791201652368;1
23.8598299622536;0.135232232729887;0.155195786241193;1
23.8826439976692;0.061245108014217;0.153664723633519;1
23.90480697155;0.0516387641408229;0.151236201867534;1
23.9269759654999;0.0457732437007408;0.148823025780062;1
23.948234975338;0.0692137606939797;0.148429960931335;1
23.9693120121956;0.0767518053799548;0.145706447033804;1
23.9920409917831;0.0905396631994948;0.139188965347392;1
24.0159080028534;0.0648625932523068;0.130850014219282;1
24.0360720157623;0.0583194348257624;0.123991462610384;1
24.0578060150146;0.0743786325819466;0.121938156611618;1
24.0809749960899;0.137745987174401;0.119233825184863;1
24.1024540066719;0.0693285384671831;0.114785264176786;1
24.1258699893951;0.158525360672178;0.114045792134559;1
24.147665977478;0.347073974444851;0.118271596032782;1
24.165323972702;0.352151386843247;0.122948788199545;1
24.1855840086937;0.26450212748471;0.125833411538287;1
24.208378970623;0.117486145498095;0.126174320153169;1
24.2299720048904;0.112333863849994;0.126494740273977;1
24.2512239813805;0.186366280049227;0.127171103065663;1
24.2723819613457;0.216774171244509;0.127990341535884;1
24.2963219881058;0.123427554253911;0.128122783922078;1
24.3159750103951;0.136103160657914;0.129178945448075;1
24.3380990028381;0.158132357756288;0.131007001366025;1
24.3598780035973;0.15650490573817;0.132835698740354;1
24.3816459774971;0.116985684031444;0.132949633425291;1
24.4037910103798;0.162123792185584;0.134084618468022;1
24.4251779913902;0.23968327224766;0.137267155158871;1
24.4481700062752;0.223302168084042;0.140136734146268;1
24.4680690169334;0.159604121526446;0.142282124714016;1
24.4923729896545;0.0953822774118906;0.143499312376443;1
24.5152589678764;0.0626188663464576;0.143422901292193;1
24.5367109775543;0.0637882778998292;0.14257381070812;1
24.5581609606743;0.0908122922383493;0.142432074641954;1
24.5819479823112;0.0891450824940124;0.143800300077395;1
24.6033219695091;0.0629098212229926;0.14155178654743;1
24.6264259815216;0.0514929641006312;0.135021574477098;1
24.6485520005226;0.0537563102526061;0.128340969796899;1
24.6707249879837;0.0658155322085702;0.12506345745518;1
24.6926739811897;0.110468594113142;0.125713064392691;1
24.7148219943047;0.098276632467289;0.12601517235012;1
24.741446018219;0.0671528714681262;0.125487093362324;1
24.7636060118675;0.102055252188112;0.125511400660794;1
24.785414993763;0.372600357426715;0.131345114932731;1
24.8072260022163;0.311641251062977;0.136393590337095;1
24.8283820152283;0.150165782849396;0.137416548446256;1
24.85170596838;0.0887388203844179;0.135617450869269;1
24.8721939921379;0.124436393881769;0.134022484286454;1
24.8957449793816;0.168608578035073;0.134104503143931;1
24.9177010059357;0.138445616430727;0.133956549331821;1
24.9400609731674;0.0849730294876107;0.132387893893993;1
24.9616810083389;0.177218089864587;0.133227611036687;1
24.9833179712296;0.226019008674649;0.136523089049896;1
25.0220339894295;0.174332215791694;0.138976958082913;1
25.0370669960976;0.412013024519195;0.146301753699282;1
25.0553569793701;0.118888545814866;0.1472952494017;1
25.0671759843826;0.150152831536501;0.148763269924831;1
